site_id	name	category	subtype	designation	status	ownership	governance	partner_agencies	coordination	description	location	acres	counties	municipality	township	gps_lat	gps_lon	plus_code	features	notes	url_primary	urls	parent_site_id
OH-WA-S-0001	Brown's Lake Bog State Nature Preserve	Nature Preserve	Bog	State Nature Preserve	Open	Ohio Department of Natural Resources (ODNR) — Division of Natural Areas and Preserves	Ohio DNAP			Designated State Nature Preserve protecting a glacial bog ecosystem with rare sphagnum moss, pitcher plants, sundews, and bog rosemary surrounding Brown's Lake.	Brown Rd, approximately 2 miles west of Shreve, Wayne County, Ohio		Wayne			40.682973	-82.067569	8MGV54GH+JJ	Glacial bog; sphagnum moss; pitcher plants (Sarracenia purpurea); sundews; bog rosemary; rare orchids; Brown's Lake; viewing platform; permit required for access	Access by permit only — contact Ohio DNAP. Wayne County portion only.	https://ohiodnap.gov/site/browns-lake-bog		
OH-WA-S-0002	Johnson Woods State Nature Preserve	Nature Preserve	Old-Growth Forest	State Nature Preserve	Open	Ohio Department of Natural Resources (ODNR) — Division of Natural Areas and Preserves	Ohio DNAP			One of the largest remaining old-growth forests in Ohio, featuring ancient white and red oaks up to 500 years old in a glacially flattened landscape.	13240 Fox Lake Rd, Marshallville, Wayne County, Ohio 44644		Wayne	Marshallville		40.888626	-81.744192	8MGWX5M4+GG	Old-growth forest; white oak; red oak; trees 300-500 years old; 1-mile boardwalk trail; interpretive signage; no pets; no bikes; dawn to dusk	One of the finest old-growth forest remnants in the Midwest.	https://ohiodnap.gov/site/johnson-woods		
OH-WA-S-0003	Shreve Lake Wildlife Area	Wildlife Area	Lake/Wetland		Open	Ohio Department of Natural Resources (ODNR) — Division of Wildlife	Ohio Division of Wildlife			State wildlife area centered on Shreve Lake, managed primarily for waterfowl hunting and fishing, with boat launch and fishing pier access.	Critchfield Rd and Brown Rd, near Shreve, Wayne County, Ohio		Wayne	Shreve		40.682994	-82.044038	8MGV55J4+MX	Shreve Lake; waterfowl hunting; fishing; boat launch; fishing pier; open to public hunting and fishing per ODNR regulations	Hunting seasons apply. Check ODNR for current regulations.	https://ohiodnr.gov/go-and-do/hunt-fish/wildlife-areas/shreve-lake-wildlife-area		
OH-WA-S-0004	Barnes Preserve	Nature Preserve	Woodland/Wetland		Open	Wayne County Park District	Wayne County Park District		Wayne County Park District, 3376 Shreve Rd (Sylvan Rd), Wooster	76-acre preserve featuring mixed woodland and wetland habitats along Killbuck Creek, with two named trail loops and Koehler's Pond.	3396 Sylvan Rd, Wooster, Wayne County, Ohio	76.0	Wayne	Wooster		40.781233	-81.89694	8MGWQ4J3+F6	76 acres; mixed woodland; wetland; Killbuck Creek; Koehler's Pond; two trail loops; interpretive signage; parking; open dawn to dusk		https://www.waynecountyparkdistrict.org/barnes-preserve		
OH-WA-S-0005	Koehler's Pond	Natural Feature	Pond/Wetland		Open	Wayne County Park District	Wayne County Park District (child site within Barnes Preserve)			Named wetland pond within Barnes Preserve, accessible via Casey's Trails, with an accessible observation deck overlooking the pond and its wildlife.	Within Barnes Preserve, 3396 Sylvan Rd, Wooster, Ohio		Wayne	Wooster		40.781233	-81.89694	8MGWQ4J3+F6	Wetland pond; accessible observation deck; turtles; frogs; aquatic life; wildlife hydration source	Flag N-001: routed as Site (named natural feature destination, not access point).	https://www.waynecountyparkdistrict.org/barnes-preserve		OH-WA-S-0004
OH-WA-S-0006	Chippewa Township Nature Preserve	Nature Preserve	Woodland/Riparian		Open	Chippewa Township	Chippewa Township	Chippewa-Rogues Hollow Historical Society	Darlene Smith, Chippewa Township office, 330-658-2112	24-25 acre township-owned nature preserve in the Rogues Hollow area, featuring Silver Creek riparian corridor, woodland trails, pavilion, and the Chidester Mill historical museum.	17500 Galehouse Road, Doylestown, Wayne County, Ohio 44230	24.5	Wayne	Doylestown	Chippewa Township	40.6624	-81.7025	8MGVXR8H+22	24-25 acres; Silver Creek; riparian corridor; woodland trails; pavilion; picnic area; Chidester Mill replica museum; ~200-year-old sycamore; pond/mill race site; dawn to dusk	Also referenced as 'Chippewa Rogues Hollow Nature Preserve and Historical Park'. GPS approximate — address geocode, no Maps pin.	http://www.chippewatwp.com		
OH-WA-S-0007	Wooster Memorial Park	Park	Natural/Woodland Park		Open	City of Wooster	City of Wooster (Public Properties Maintenance Division)	Friends of Wooster Memorial Park	City of Wooster Parks Dept, 1151 Mechanicsburg Rd, 330-263-5275	422-acre city natural area featuring primitive woodland, steep ravines, and 11.6 miles of named foot trails. City-designated permanent natural area. Also known as Spangler Park.	5197 Silver Road, Wooster, Ohio; intersection of Silver Road and North Jefferson Road	422.0	Wayne	Wooster		40.811007	-82.023044	8MGVRX8G+CF	422 acres; primitive woodland; steep ravines; Rathburn Run; 11.6 miles foot trails; Spangler Trail 1.5mi; Outer Trail; Old Field Trail 0.5mi; Education Trail 0.9mi; Trillium Trail; Strock Trail 0.4mi; Kenwood Trail 0.8mi; Hartman Trail 0.2mi; Sassafras Trail 0.6mi; ADA-accessible Kenwood Acres section (1 mile); vault toilet; pavilions; spring wildflowers; foot traffic only	Foot traffic only — no bikes, horses, motorized vehicles.	https://www.woosteroh.com/parks/wooster-memorial-park	https://www.friendsofwmp.com/;https://www.woosteroh.com/sites/default/files/WMP-Trail-Map-2-22-2016.pdf	
OH-WA-S-0008	Oak Hill Park	Park	Natural/Woodland Park		Open	City of Wooster	City of Wooster			100-acre park with paved accessible trail, prairie restoration area, and woodland habitat.	Wooster, Ohio	100.0	Wayne	Wooster		40.836059	-81.955606	8MGWQ8CF+JP	100 acres; paved trail 1.7mi; prairie restoration; woodland; 2 van-accessible parking spaces; ADA accessible		https://www.woosteroh.com/parks		
OH-WA-S-0009	Freedlander Park	Park	Community Park		Open	City of Wooster	City of Wooster			Large multi-use park with disc golf, swimming pool, the historic Chalet, and recreation facilities.	Wooster, Ohio		Wayne	Wooster		40.838412	-81.935627	8MGWQ9G4+VQ	Disc golf; swimming pool; Chalet; multi-use recreation		https://www.woosteroh.com/parks		
OH-WA-S-0010	Christmas Run Park	Park	Community Park		Open	City of Wooster	City of Wooster			Wooster park with swimming pool, playground, 7 pavilions, and hiking trails.	Wooster, Ohio		Wayne	Wooster		40.806486	-81.9467	8MGWP8HH+VF	Pool; playground; 7 pavilions (reservable); hiking trails		https://www.woosteroh.com/parks		
OH-WA-S-0011	Grosjean Park	Park	Natural/Riparian Park		Open	City of Wooster	City of Wooster			Rustic park along Apple Creek with trout stocking, accessible education trail, and riparian habitat.	Wooster, Ohio		Wayne	Wooster		40.792605	-81.928697	8MGWP6QH+MV	Rustic; Apple Creek; trout-stocked; accessible education trail; riparian habitat		https://www.woosteroh.com/parks		
OH-WA-S-0012	Walton Woods Park	Park	Natural/Woodland Park		Open	City of Wooster	City of Wooster			Rustic woodland park. Potential wildflower sanctuary — needs field verification.	Wooster, Ohio		Wayne	Wooster		40.810102	-81.962528	8MGWP8HG+44	Rustic woodland; potential wildflower sanctuary		https://www.woosteroh.com/parks		
OH-WA-S-0013	Diller Park	Park	Natural/Woodland Park		Open	City of Wooster	City of Wooster			Rustic Wooster park.	Wooster, Ohio		Wayne	Wooster		40.814196	-81.938734	8MGWQ84H+M2	Rustic		https://www.woosteroh.com/parks		
OH-WA-S-0014	Gerstenslager Park	Park	Natural/Woodland Park		Open	City of Wooster	City of Wooster			Rustic Wooster park.	Wooster, Ohio		Wayne	Wooster		40.814625	-81.914602	8MGWQ94F+3Q	Rustic		https://www.woosteroh.com/parks		
OH-WA-S-0015	Stan Miller Park	Park	Community Park		Open	City of Wooster	City of Wooster			Wooster community park.	Wooster, Ohio		Wayne	Wooster		40.826899	-81.923812	8MGWQ9HG+C4			https://www.woosteroh.com/parks		
OH-WA-S-0016	Orr Park	Park	Community Park		Open	City of Orrville	City of Orrville			Primary community park in Orrville.	Orrville, Wayne County, Ohio		Wayne	Orrville		40.84461	-81.77245	8MGWX5P4+GG					
OH-WA-S-0017	Gailey Park	Park	Community Park		Open	City of Orrville	City of Orrville			Orrville community park.	Orrville, Wayne County, Ohio		Wayne	Orrville		40.835667	-81.755116	8MGWX3Q4+WF					
OH-WA-S-0018	Orrville Dog Park	Park	Dog Park		Open	City of Orrville	City of Orrville			Off-leash dog park in Orrville.	Orrville, Wayne County, Ohio		Wayne	Orrville		40.845003	-81.768516	8MGWX5P4+QC	Off-leash dog area; fenced				
OH-WA-S-0019	Morton Salt Park	Park	Community Park		Open	City of Rittman	City of Rittman			Rittman community park near Morton Salt facility.	N State St area, Rittman, Wayne County, Ohio		Wayne	Rittman		40.974809	-81.780212	8MGWX694+62		GPS-APPROXIMATE — no Maps listing; address geocode only.			
OH-WA-S-0020	Vincent & Rose Tricomi Memorial Park	Park	Community Park		Open	City of Rittman	City of Rittman			Memorial park in Rittman with pond and athletic fields.	E Ohio Ave, Rittman, Wayne County, Ohio		Wayne	Rittman		40.97636	-81.77133	8MGWX694+X2	Pond; athletic fields; memorial				
OH-WA-S-0021	Rotary Park Tennis Courts	Park	Recreation Area		Open	City of Rittman	City of Rittman			Rittman park featuring tennis courts at the recreation center complex.	Recreation center area, Rittman, Wayne County, Ohio		Wayne	Rittman		40.97466	-81.79961	8MGWX684+4J	Tennis courts; recreation center complex				
OH-WA-S-0022	Apple Creek Park	Park	Community Park		Open	Village of Apple Creek	Village of Apple Creek			Community park in Apple Creek.	Apple Creek, Wayne County, Ohio		Wayne	Apple Creek		40.750882	-81.830626	8MGWM4QG+66					
OH-WA-S-0023	Creston Community Park	Park	Community Park		Open	Village of Creston	Village of Creston			Primary community park in Creston.	Creston, Wayne County, Ohio		Wayne	Creston		40.98912	-81.892377	8MGWX8H3+2X					
OH-WA-S-0024	Brooklyn Park	Park	Community Park		Open	Village of Creston	Village of Creston			Secondary park in Creston.	Creston, Wayne County, Ohio		Wayne	Creston		40.988632	-81.890036	8MGWX8H3+2F					
OH-WA-S-0025	Martin Fritz Memorial Park	Park	Community Park		Open	City of Rittman	City of Rittman			Rittman memorial park.	Rittman, Wayne County, Ohio		Wayne	Rittman		40.977685	-81.773434	8MGWX694+W8					
OH-WA-S-0026	First Street Ashton Hall Park	Park	Community Park		Open	City of Rittman	City of Rittman			Rittman park on First Street.	Rittman, Wayne County, Ohio		Wayne	Rittman		40.971419	-81.783235	8MGWX684+5W					
OH-WA-S-0027	Central Park	Park	Community Park		Open	City of Rittman	City of Rittman			Central park in Rittman.	Rittman, Wayne County, Ohio		Wayne	Rittman		40.971054	-81.786664	8MGWX684+3C					
OH-WA-S-0028	E.J. Young Grand View Park	Park	Community Park		Open	City of Rittman	City of Rittman			Rittman park. No standalone Maps listing.	Rittman, Wayne County, Ohio		Wayne	Rittman		40.970631	-81.791067	8MGWX674+X8		GPS-APPROXIMATE — intersection geocode only.			
OH-WA-S-0029	Washington Street Park	Park	Community Park		Open	City of Rittman	City of Rittman			Rittman park on Washington Street. No standalone Maps listing.	Washington St, Rittman, Wayne County, Ohio		Wayne	Rittman		40.97968	-81.793922	8MGWX694+62		GPS-APPROXIMATE — intersection geocode only.			
OH-WA-S-0030	William J. Robertson Nature Preserve	Nature Preserve	Woodland		Open	City of Rittman	City of Rittman			City-owned nature preserve in Rittman.	Rittman, Wayne County, Ohio		Wayne	Rittman		40.977441	-81.764589	8MGWX6C4+9V	Woodland; city nature preserve				
OH-WA-S-0031	Marshallville Community Park	Park	Community Park		Open	Village of Marshallville	Village of Marshallville			Community park in Marshallville.	Marshallville, Wayne County, Ohio		Wayne	Marshallville		40.900306	-81.737956	8MGWV5J3+52					
OH-WA-S-0032	Smithville Village Park	Park	Community Park		Open	Village of Smithville	Village of Smithville			Community park in Smithville.	Smithville, Wayne County, Ohio		Wayne	Smithville		40.863101	-81.857338	8MGWV6M4+3G					
OH-WA-S-0033	Drake Park	Park	Community Park		Open	Village of West Salem	Village of West Salem			Community park in West Salem.	West Salem, Wayne County, Ohio		Wayne	West Salem		40.967464	-82.117952	8MGWX3G4+GH					
OH-WA-S-0034	Burbank Community Park	Park	Community Park		Open	Village of Burbank	Village of Burbank			Community park in Burbank.	Burbank, Wayne County, Ohio		Wayne	Burbank		40.988786	-81.996069	8MGWX4H4+FX					
OH-WA-S-0035	Memorial Park	Park	Community Park		Open	Village of Doylestown	Village of Doylestown			Primary park in Doylestown. Includes Gene Daniel Community Center.	Doylestown, Wayne County, Ohio		Wayne	Doylestown		40.975713	-81.695668	8MGWX7C4+5M	Gene Daniel Community Center; Chippewa Local School District track/stadium; pavilion				
OH-WA-S-0036	Paridon Park	Park	Community Park		Open	Village of Doylestown	Village of Doylestown			Doylestown community park.	Doylestown, Wayne County, Ohio		Wayne	Doylestown		40.969172	-81.698788	8MGWX6C4+VP					
OH-WA-S-0037	Gilcrest Park	Park	Community Park		Open	Village of Doylestown	Village of Doylestown			Doylestown community park.	Doylestown, Wayne County, Ohio		Wayne	Doylestown		40.97744	-81.69901	8MGWX7C4+9J	Maintained green field				
OH-WA-S-0038	Fredericksburg Community Park	Park	Community Park		Open	Village of Fredericksburg	Village of Fredericksburg			Community park in Fredericksburg.	Fredericksburg, Wayne County, Ohio		Wayne	Fredericksburg		40.678705	-81.86952	8MGVV5J4+HJ					
OH-WA-S-0039	Robert Brooker Nature Preserve	Nature Preserve	Woodland		Open	Village of Marshallville	Village of Marshallville			Nearly 50-acre village-owned nature preserve in Marshallville featuring oak-to-maple transitional forest with three named trails.	Marshallville, Wayne County, Ohio	50.0	Wayne	Marshallville		40.901336	-81.727713	8MGWV5J5+GG	~50 acres; oak-to-maple transitional forest; stream crossings (bridges); solar field; 3 named trails; bike rack; interpretive sign; no facilities except porta-pots; sunrise to sunset; no bikes/horses/fires/hunting				
OH-WA-S-0040	Mt Eaton Community Park	Park	Community Park		Open	Village of Mt Eaton	Village of Mt Eaton			Community park in Mt Eaton.	Mt Eaton, Wayne County, Ohio		Wayne	Mt Eaton		40.698537	-81.700587	8MGVV7J4+5J					
OH-WA-S-0041	Shreve Village Park	Park	Community Park		Open	Village of Shreve	Village of Shreve			Primary village park in Shreve.	Shreve, Wayne County, Ohio		Wayne	Shreve		40.68901	-82.017811	8MGVV4J5+9F					
OH-WA-S-0042	Harold Miller Park	Park	Community Park		Open	Village of Shreve	Village of Shreve			Secondary park in Shreve.	Shreve, Wayne County, Ohio		Wayne	Shreve		40.679412	-82.019446	8MGVV4J4+GH					
OH-WA-S-0043	Secrest Arboretum	Arboretum	Research Arboretum		Open	Ohio State University / Ohio Agricultural Research and Development Center (OARDC)	OSU OARDC Wooster Campus		OARDC, 1680 Madison Ave, Wooster, OH 44691	110-acre living plant collection and research arboretum on the OSU OARDC campus, featuring extensive woody plant collections open to the public.	OARDC campus, 1680 Madison Ave, Wooster, Wayne County, Ohio	110.0	Wayne	Wooster		40.782984	-81.917203	8MGWQ4JH+5G	110 acres; living plant collection; research arboretum; woody plant collections; public access; no fee	On OSU/OARDC campus. Open year-round.	https://secrestarboretum.osu.edu		
OH-WA-S-0044	Vulture's Knob Mountain Bike Park	Recreation Area	Mountain Bike Park		Open	Friends of Vultures Knob (501(c)(3)); ownership transferred December 31 2025 — new owner undisclosed	Friends of Vultures Knob (501(c)(3))			125-acre mountain bike trail park near Wooster, operated as a nonprofit trail system. Ownership transferred December 31, 2025; trail remains operating.	Near Wooster, Wayne County, Ohio	125.0	Wayne			40.85097	-81.9806	8MGWQ6J5+RF	125 acres; mountain bike trails; nonprofit trail system; operating post-ownership transfer	Ownership transferred Dec 31 2025; new owner undisclosed as of 2026-03-08. Trail operating normally.	https://www.vulturesknob.com		
