name	category	subtype	designation	status	ownership	governance	partner_agencies	coordination	description	location	acres	counties	municipality	township	gps_lat	gps_lon	plus_code	features	notes	url_primary	urls	parent_site_id	created_at	updated_at
Independence Dam State Park	Park		State Park	Active	State of Ohio	Ohio Department of Natural Resources, Division of Parks and Watercraft			Located on the banks of the Maumee River, the park features ruins of the Miami and Erie Canal and a three-mile hiking trail following the historic canal towpath that meanders between the old canal and the river through a dense hardwood forest. Over 200 bird species have been recorded. The park is along the Maumee State Scenic River.	27722 County Rd 424, Defiance, Ohio 43512; approximately 3 miles east of Defiance on the Maumee River	591.0	Defiance	Richland	Richland	41.268	-84.311	86HQ7M9Q+6H	Camping;Boat Ramp;Marina;Pavilion;Hiking Trail;Restrooms;Fire Ring;Picnic Area;Historic Lock	NCT/Buckeye Trail routes through park along canal towpath. CONFIRM: 25 vs 40 primitive campsites (sources conflict). NID baseline seed 'Independence Dam (NID)' resolves to park infrastructure, not separate entity.	https://ohiodnr.gov/go-and-do/plan-a-visit/find-a-property/independence-dam-state-park-campground	https://www.stateparks.com/independence_dam_state_park_in_ohio.html;https://en.wikipedia.org/wiki/Independence_Dam_State_Park;https://dam.assets.ohio.gov/image/upload/ohiodnr.gov/documents/parks/parkmaps/independenceparkmap.pdf		2026-04-21T02:09:13Z	2026-04-21T02:09:13Z
Oxbow Lake Wildlife Area	Wildlife Area	State Wildlife Area	State Wildlife Area	Active	State of Ohio	Ohio Department of Natural Resources, Division of Wildlife			Located in the glaciated lake plain of northwestern Ohio with slightly rolling topography. Mud Creek bisects the area, featuring large cottonwoods and sycamores along its banks, while upland woods consist mostly of oaks and hickories. Substantial areas of brushland and meadow are maintained for upland game habitat. Ohio purchased the originally forested land in 1948 after it had been cleared for farming in the previous century.	Defiance County, Ohio; near Defiance, Bryan, and Napoleon	416.0	Defiance	Noble	Noble	41.33	-84.395	86HQ8JH4+X2	Boat Ramp;Parking Lot;Hiking Trail;Fishing Area;ADA Accessible	Contains Big Oxbow Lake (38 ac) and Little Oxbow Lake (4.5 ac). Flag DEF-F-06: 'western agreement parcel' — no evidence found; UNRESOLVED. NID 'Oxbow Lake Dam' resolves to infrastructure, not separate entity. Fishing: northern pike, largemouth bass, bluegills, bullheads.	https://ohiodnr.gov/go-and-do/plan-a-visit/find-a-property/oxbow-lake-fishing-area	https://dam.assets.ohio.gov/image/upload/ohiodnr.gov/documents/wildlife/wildlife-area-maps/oxbow.pdf;https://www.stateparks.com/oxbow_lake_wildlife_area_in_ohio.html		2026-04-21T02:09:13Z	2026-04-21T02:09:13Z
Winchester's Camp No. 3 / Fort Starvation	Historic Site	Historic Landmark		Active	State of Ohio	Ohio Department of Natural Resources			War of 1812 winter encampment site (Nov. 2, 1812 – Jan. 1, 1813) for three Kentucky Militia Regiments and one regiment of US Regulars under Colonel Wells, stationed approximately six miles below Fort Winchester on the north bank of the Maumee River. Nicknamed 'Fort Starvation' by soldiers due to supply shortages. Believed burial site of approximately 300 Kentucky soldiers; thousands of bones were disturbed when the Miami and Erie Canal was dug through the burial ground (1837–1848) and reinterred. Historical marker erected 2010 by Defiance County Chapter Ohio Genealogical Society and other organizations.	Four miles east of the City of Defiance on US Route 424 on the bank of the Maumee River, within Independence Dam State Park		Defiance	Richland	Richland	41.268	-84.311	86HQ7M9Q+6H	Historic Marker	ODNR Historic Site #24. Also known as 'Old Kentucky Burial Grounds.' Child site within Independence Dam State Park (DEF-S-001). GPS propagated from parent site.	https://www.hmdb.org/m.asp?m=37924	https://www.defiancecountygenealogy.org/Military/Kentucky.html	OH-DEF-S-001	2026-04-21T02:09:13Z	2026-04-21T02:09:13Z
Penney Nature Center	Nature Preserve	County Nature Preserve		Active	Defiance County	Defiance Soil and Water Conservation District			A 78-acre nature preserve featuring wetlands, prairie lands, and woodlands, promoting conservation through education for all to enjoy. Land was gifted by the Penney family to Defiance County and is managed by the Defiance Soil and Water Conservation District.	08855 Ashpacher Road, Defiance, OH 43512	78.0	Defiance	Defiance	Defiance	41.225	-84.36	86HQ6JFR+X2	Hiking Trail;Pavilion;Bridge;Interpretive Sign;Kiosk;Parking Lot	Managed by Defiance SWCD per ORC Chapter 1515. Open dawn to dusk. ADDRESS: 'Aschpacher Road' vs 'Ashpacher Road' — spelling discrepancy between sources; verify. Storybook Trail (seasonal) is a separate Trail entity (DEF-T-004).	https://www.defianceswcd.org/penney-nature-center.html	https://visitdefianceohio.com/business-directory/penney-nature-center/		2026-04-21T02:09:13Z	2026-04-21T02:09:13Z
Auglaize Village	Cultural Facility	Heritage Center		Active	Defiance County	Defiance County Historical Society			A living history village founded in 1966 by the Defiance County Historical Society that preserves the history of the men and women who carved a community out of the Great Black Swamp, featuring restored and reconstructed 19th-century buildings, farm museums, and multiple specialty museums.	12296 Krouse Road, Defiance, OH 43512	120.0	Defiance	Defiance	Defiance	41.264989	-84.440761	86HQ7H75+XM	Historic Structure;Museum Building;Guided Tours	County-owned; managed by Defiance County Historical Society (501c3 nonprofit). VERIFY_GOVERNANCE: confirm county ownership vs. long-term lease/deed (flag DEF-F-05). Open during events + volunteer work days (Tue 8am-2pm); tours by appointment. Also known as 'AuGlaize Village'.	https://www.auglaizevillage.org/	https://visitdefianceohio.com/explore/auglaize-village/;https://ohio.org/things-to-do/destinations/auglaize-village		2026-04-21T02:09:13Z	2026-04-21T02:09:13Z
Fort Grounds	Park	Historic Park		Active	City of Defiance, Ohio	City of Defiance, Parks & Recreation Department			The Fort Grounds occupy the site of Fort Defiance, erected by General Anthony Wayne in 1794 at the confluence of the Maumee and Auglaize Rivers during his campaign leading to the Battle of Fallen Timbers. Points in the sidewalk memorialize the corners of the fort. The grounds have been preserved for over a century since the city's incorporation. The Defiance Public Library (Carnegie Library) is also located on the grounds.	320 Fort Street, Defiance, OH 43512; at the confluence of the Maumee and Auglaize Rivers		Defiance	Defiance	Defiance	41.2874974	-84.3572446	86HQ7JPV+X4	Hiking Trail;Bridge;Historic Marker;Picnic Area	Fort Defiance (1794) is listed on the NRHP (listed 1980) — NRHP designation not in vocabulary constants; designation left blank. Also known as 'Fort Defiance Park' and 'Old Fort Defiance Park'. Adjacent to Pontiac Metro Park at same confluence — distinct sites. NCT/Buckeye Trail routes through or adjacent to this area.	https://cityofdefiance.com/Facilities/Facility/Details/Fort-Grounds-5	https://visitdefianceohio.com/explore/history/		2026-04-21T02:09:13Z	2026-04-21T02:09:13Z
Diehl Park	Park	Sports Park		Active	City of Defiance, Ohio	City of Defiance, Parks & Recreation Department			A large community park on the northwest side of Defiance featuring athletic fields and the Kids Creation Playground, a community-built playground from 2000. The park received updated playground equipment in 2017 and lighting upgrades for ball fields in 2001.	909 Wemor Drive, Defiance, OH 43512; northwest side of the city	39.77	Defiance	Noble	Noble	41.2982509	-84.367467	86HQ7JXM+82	Ball Diamond;Pavilion;Playground;Basketball Court;Restrooms;Parking Lot;ADA Accessible	Kids Creation Playground (community-built 2000) is a named feature. Updated playground equipment 2017; lighting upgrades 2001.	https://cityofdefiance.com/Facilities/Facility/Details/Diehl-Park-3			2026-04-21T02:09:13Z	2026-04-21T02:09:13Z
Kingsbury Riverfront Park, Pool, and Pickleball Facilities	Park	Waterfront Park		Active	City of Defiance, Ohio	City of Defiance, Parks & Recreation Department			A riverfront community park on the Auglaize River featuring a public pool, pickleball courts, and waterfront green space. The pool underwent a major $750,000 renovation beginning in 1999, adding a new water slide and expanded deck area.	102 Auglaize Street, Defiance, OH 43512	15.49	Defiance	Defiance	Defiance	41.2859503	-84.3559868	86HQ7JPV+9J	Swimming Pool;Waterslide;Restrooms;Pickleball Court;Parking Lot	DEF-F-01 RESOLVED: two baseline rows confirmed as single entity. 15.49 acres. Pool season: first week of June through mid-August. Formally 'Kingsbury Park'; full official name per city facilities page used here.	https://cityofdefiance.com/Facilities/Facility/Details/Kingsbury-Park-Pool-and-Pickleball-10			2026-04-21T02:09:13Z	2026-04-21T02:09:13Z
Bronson Park	Park	Neighborhood Park		Active	City of Defiance, Ohio	City of Defiance, Parks & Recreation Department	Defiance Public Library System	Defiance Public Library System (StoryWalk program)	A 25-acre multi-purpose community park that underwent significant renovations including new playground equipment, river swings, updated shelter houses, ADA-compliant sidewalks, and a new multi-use path connecting to Splash Park. The park hosts the StoryWalk Trail (Defiance Public Library program) and is adjacent to the Splash Park facility.	2104 Power Dam Road, Defiance, OH 43512	25.0	Defiance	Defiance	Defiance	41.257992	-84.390629	86HQ7J55+5P	Volleyball Court;Ball Diamond;Pavilion;Basketball Court;Playground;ADA Accessible;Multi-use Trail	DEF-F-07 RESOLVED: parent of Splash Park (DEF-S-010). Splash Park replaced former Bronson Pool (opened July 4, 2018). StoryWalk Trail (DEF-T-005) is a child trail. Power Dam Road named after Auglaize Hydro dam (Bryan Municipal Utilities) — park is NOT at the dam.	https://cityofdefiance.com/Facilities/Facility/Details/Bronson-Park-2	https://cityofdefiance.com/183/Bronson-Park;https://visitdefianceohio.com/business-directory/bronson-park/		2026-04-21T02:09:13Z	2026-04-21T02:09:13Z
Splash Park	Recreation Facility			Active	City of Defiance, Ohio	City of Defiance, Parks & Recreation Department			The Defiance Splash Park opened July 4, 2018, repurposing the former Bronson Pool facility into a free, ADA-compliant splash pad open to the public. The facility won 3rd place in the 2019 Ohio Parks and Recreation Association Capital Improvement Project category. Total project cost: $1.6 million. Open May 1 through October, 9 a.m. to 9 p.m.	2104 Power Dam Road, Defiance, OH 43512 (within Bronson Park complex)		Defiance	Defiance	Defiance	41.2583791	-84.3901891	86HQ7J55+9W	Spray Park;Playground;Picnic Area;Restrooms;ADA Accessible	Child of Bronson Park (DEF-S-009). Replaced former Bronson Pool. Opened July 4, 2018; $1.6M project; 2019 OPRA award (3rd place, Capital Improvement). Connected to Bronson Park via walkway added 2021.	https://www.cityofdefiance.com/223/Splash-Park		OH-DEF-S-009	2026-04-21T02:09:13Z	2026-04-21T02:09:13Z
Canal Park	Park	Historic Park		Active	City of Defiance, Ohio	City of Defiance, Parks & Recreation Department			A public historic park featuring the partially renovated remains of the Miami and Erie Canal Lock No. 37, which survived the devastating 1913 floods. The north end of the lock structure was left exposed after the canal's decline and partially renovated in 1997. The site includes an adjacent amphitheater used for community events.	310 Clinton Street (behind the building), Defiance, OH 43512		Defiance	Defiance	Defiance	41.2864106	-84.3630635	86HQ7JPP+HQ	Amphitheater;Historic Lock	Contains north end of Miami and Erie Canal Lock No. 37. Partially renovated 1997. Google Maps shows entity named 'Amphitheater' at this address rather than 'Canal Park'.	https://cityofdefiance.com/Facilities/Facility/Details/Canal-Park-40			2026-04-21T02:09:13Z	2026-04-21T02:09:13Z
Eastside Park	Park	Neighborhood Park		Active	City of Defiance, Ohio	City of Defiance, Parks & Recreation Department			A neighborhood park revitalized as part of the Eastside Neighborhood Revitalization Project, featuring new playground equipment, athletic courts, and a shelter house. Formerly known as Compo Park.	1185 Karnes Avenue, Defiance, OH 43512		Defiance	Defiance	Defiance	41.2724894	-84.3535072	86HQ7JCW+XH	Ball Diamond;Basketball Court;Playground;Pavilion;Picnic Area;Grill;Parking Lot;ADA Accessible	Formerly known as 'Compo Park.' Revitalized through Eastside Neighborhood Revitalization Project.	https://cityofdefiance.com/Facilities/Facility/Details/Eastside-Park-4			2026-04-21T02:09:13Z	2026-04-21T02:09:13Z
Riverside Park	Park	Sports Park		Active	City of Defiance, Ohio	City of Defiance, Parks & Recreation Department			A 30-acre community park along the Maumee River featuring athletic fields including four soccer fields managed by the Optimist Club. Optimist Soccer fields were redesigned, regraded, and reseeded in 2021.	849 Riverside Avenue, Defiance, OH 43512; along the Maumee River	30.0	Defiance	Defiance	Defiance	41.2768669	-84.3616889	86HQ7JGQ+P8	Ball Diamond;Soccer Pitch;Playground;Pavilion;Picnic Area;Grill;Restrooms;Parking Lot	Soccer fields associated with Optimist Club program (redesigned 2021). Maumee River frontage noted.	https://cityofdefiance.com/Facilities/Facility/Details/Riverside-Park-13	https://visitdefianceohio.com/business-directory/riverside-park/		2026-04-21T02:09:13Z	2026-04-21T02:09:13Z
Reservoir and Disc Golf	Park	Greenspace		Active	City of Defiance, Ohio	City of Defiance, Parks & Recreation Department			A municipal recreation area centered on the City of Defiance upground water supply reservoir. Features a 9-hole disc golf course, a 1.25-mile stone walkway around the top of the reservoir, the Reservoir Nature Trail (boardwalk through north-side woods), a boat ramp and dock, and a sledding hill. The trail system connects to the Buckeye Trail / North Country NST along Canal Road.	1261 Precision Way, Defiance, OH 43512		Defiance	Defiance	Defiance	41.2707967	-84.3920288	86HQ7JC5+85	Disc Golf Course;Hiking Trail;Parking Lot;Boat Ramp;Sledding Hill;Multi-use Trail;Canal Structure	NID seed 'Defiance Upground Reservoir (NID)' resolves to infrastructure, not separate entity. Reservoir Nature Trail (DEF-T-006) is child trail. Trail connects to Buckeye Trail/NCT along Canal Road. Bark & Run Dog Park (11795 Precision Way) is a separate T8 entity.	https://cityofdefiance.com/Facilities/Facility/Details/Reservoir-Disc-Golf-11	https://visitdefianceohio.com/business-directory/reservoir-and-disc-golf/;https://www.alltrails.com/trail/us/ohio/defiance-reservoir;https://ohio.org/wps/portal/gov/tourism/things-to-do/destinations/defiance-reservoir-walking-trails		2026-04-21T02:09:13Z	2026-04-21T02:09:13Z
Palmer Park	Park	Sports Park		Active	City of Defiance, Ohio	City of Defiance, Parks & Recreation Department			A small community park near Defiance High School and the YMCA, featuring tennis courts and a playground area. Serves both the high school and the general public.	1755 Palmer Drive, Defiance, OH 43512; near Defiance High School and the YMCA		Defiance	Defiance	Defiance	41.2657975	-84.3605872	86HQ7J8Q+8Q	Tennis Court;Playground	MINIMAL_DATA — acreage not documented.	https://cityofdefiance.com/Facilities/Facility/Details/Palmer-Park-41			2026-04-21T02:09:13Z	2026-04-21T02:09:13Z
Pontiac Metro Park	Park	Waterfront Park		Active	City of Defiance, Ohio (ownership unconfirmed — see notes)	City of Defiance, Parks & Recreation Department			A scenic riverside park with views of the Maumee and Auglaize rivers confluence, featuring in-town river access with a boat ramp. The park marks the site of the Old French Indian Apple Tree and the possible birthplace of Ottawa Chief Pontiac (1712). Features the Zonta Fountain, swings overlooking the rivers, a gazebo, and a monument to 2006 Indianapolis 500 champion Sam Hornish Jr. Hosts annual fireworks, car shows, boat shows, and war re-enactments.	315 East River Road, Defiance, OH 43512; at the confluence of the Maumee and Auglaize Rivers		Defiance	Noble	Noble	41.2892403	-84.3574256	86HQ7JQV+M2	Boat Ramp;Parking Lot;Pavilion;Picnic Area;Hiking Trail;Fountain;Historic Marker;Monument;Gazebo	VERIFY_GOVERNANCE: City website states park is 'not a City-owned Park but lies within the City boundaries'; managed by City Parks & Rec per contact email cfeeney@cityofdefiance.gov. Ownership may be county or state — unresolved. DEF-F-02 RESOLVED: 'Metro Park' is a local name, NOT a metropark district affiliation. NCT/Buckeye Trail routes through this park. Adjacent to Fort Grounds (320 Fort St).	https://cityofdefiance.com/Facilities/Facility/Details/Pontiac-Metro-Park-9	https://visitdefianceohio.com/business-directory/pontiac-metro-park/;https://www.midwestguest.com/2015/03/pontiac-metro-park-in-defiance-ohio-chief-pontiacs-birthplace.html		2026-04-21T02:09:13Z	2026-04-21T02:09:13Z
William C. Holgate Park	Park	Neighborhood Park		Active	City of Defiance, Ohio	City of Defiance, Parks & Recreation Department			A neighborhood park in Defiance's historic district, formerly the site of the Second Ward School until the 1940s. Named William C. Holgate Park in memory of one of Defiance's most prominent early citizens (1994 designation). Features a Victorian gazebo and tree walk built by the Holgate Avenue Association in 1997. Received new playground equipment, new landscaping, renovated basketball court, and a new shelter house in Spring 2019.	811 Holgate Avenue, Defiance, OH 43512; Holgate Avenue historic district		Defiance	Defiance	Defiance	41.2833452	-84.3732499	86HQ7JMG+8P	Playground;Basketball Court;Pavilion;Gazebo	Commonly 'Holgate Park.' Formerly site of Second Ward School (demolished 1940s). Named 1994. Victorian Gazebo + tree walk built by Holgate Avenue Association 1997. Renovated Spring 2019.	https://cityofdefiance.com/Facilities/Facility/Details/Holgate-Park-6	https://cityofdefiance.com/215/Holgate-Park;https://visitdefianceohio.com/business-directory/holgate-park/;https://www.hmdb.org/m.asp?m=173030		2026-04-21T02:09:13Z	2026-04-21T02:09:13Z
Hometown Heroes Park	Memorial	Veterans Memorial		Active	City of Defiance, Ohio	City of Defiance, Parks & Recreation Department	AMVETS Post 1991	AMVETS Post 1991 (419-784-2356; 1795 Spruce Street, Defiance, OH)	A memorial park established September 2013 as a lasting tribute to active duty men and women service members currently serving the country. Features recognition boards displaying the names of active duty personnel and flags honoring military service. A collaborative community effort coordinated with AMVETS Post 1991.	648 Clinton Street, Defiance, OH 43512		Defiance	Defiance	Defiance	41.282721	-84.36492	86HQ7JMP+32	Monument	Established September 2013. No standalone Google Maps entity — address geocoded via Nominatim. Primarily a memorial installation (recognition boards + flags) rather than a traditional park.	https://cityofdefiance.com/Facilities/Facility/Details/Hometown-Heroes-Park-7			2026-04-21T02:09:13Z	2026-04-21T02:09:13Z
Triangle Park	Park	Historic Park		Active	City of Defiance, Ohio	City of Defiance, Parks & Recreation Department			A small historic park featuring a clock tower, historically part of the Defiance City Schools property, donated by the Latty and Holgate families in the 1860s. Features trees, flowering vegetation, and open green space.	655 Clinton Street, Defiance, OH 43512		Defiance	Defiance	Defiance	41.2822475	-84.3650681	86HQ7JJM+VX	Historic Structure	Very small park/triangle. Donated by Latty and Holgate families in 1860s. Clock tower is the defining feature. MINIMAL_DATA — acreage not documented.	https://cityofdefiance.com/Facilities/Facility/Details/Triangle-Park-Clock-Tower			2026-04-21T02:09:13Z	2026-04-21T02:09:13Z
Veteran's Memorial Park at Latty's Grove	Memorial	Veterans Memorial		Active	City of Defiance, Ohio	City of Defiance, Parks & Recreation Department			A historic park established as Latty's Grove in 1937 and officially designated Veteran's Memorial Grove in 1947, providing 'a fitting and appropriate background for commemoration of Defiance soldier's sacrifice in all wars.' The site has been visited by military figures including General Wayne (1794), General Winchester, William H. Harrison, and Colonel Richard Johnson. Continues to serve as a gathering place for family reunions and outdoor events.	610 Williams Street, Defiance, OH 43512		Defiance	Defiance	Defiance	41.2794674	-84.3673302	86HQ7JHM+Q3	Ball Diamond;Basketball Court;Tennis Court;Playground;Pavilion;Picnic Area;Parking Lot	Established 1937 as 'Latty's Grove'; designated 'Veteran's Memorial Grove' 1947. Playground updated summer 2014. Two overlapping Google Maps entities at this location: 'Veteran's Memorial Park' and 'Latty Grove Park' (~70m apart). Primary GPS from 'Latty Grove Park' entity (606 Williams St address on Maps).	https://cityofdefiance.com/Facilities/Facility/Details/Veterans-Memorial-Park-at-Lattys-Grove-16	https://visitdefianceohio.com/business-directory/veterans-memorial-park-at-lattys-grove/		2026-04-21T02:09:13Z	2026-04-21T02:09:13Z
Buchman Park on the Glaize	Park	Neighborhood Park		Active	City of Defiance, Ohio	City of Defiance, Parks & Recreation			A City of Defiance neighborhood park on the Auglaize River (Glaize), discovered during T6 map verification pass. Not found in web discovery phase.	314 Auglaize St, Defiance, OH 43512		Defiance	Defiance	Defiance	41.2836971	-84.3563774	86HQ7JMV+FC		MAP_VERIFICATION_FIND. Found during §4.4 Google Maps pass. Confirmed City of Defiance (cityofdefiance.com, (419) 784-2745). MINIMAL_DATA — requires confirmation against city parks list.	https://www.cityofdefiance.com/216/Parks-Recreation			2026-04-21T02:09:13Z	2026-04-21T02:09:13Z
Memory Park	Park	Neighborhood Park		Active	City of Defiance, Ohio	City of Defiance, Parks & Recreation			A small City of Defiance park on 5th Street, described as a 'great green space' in the single Google Maps review. Discovered during T6 map verification pass.	5th St, Defiance, OH 43512		Defiance	Defiance	Defiance	41.2830331	-84.3616312	86HQ7JMQ+68		MAP_VERIFICATION_FIND. Only 1 Google Maps review ('Great green space'). No phone, hours, or website on Maps. MINIMAL_DATA — requires confirmation against city parks list. Possibly a small memorial/pocket park.	https://www.cityofdefiance.com/216/Parks-Recreation			2026-04-21T02:09:13Z	2026-04-21T02:09:13Z
Hicksville Community Park	Park	Sports Park		Active	Village of Hicksville, Ohio	Village of Hicksville, Parks & Recreation Department			The main village park complex in Hicksville, featuring extensive athletic and recreational facilities. A new splash pad opened approximately summer 2024, replacing the aging pool facility (pool closed 2023 while new facility under construction).	598 N Bryan Street, Hicksville, OH 43526		Defiance	Hicksville	Hicksville	41.2966175	-84.7727043	86HQ76WG+JW	Ball Diamond;Basketball Court;Disc Golf Course;Playground;Skate Park;Sledding Hill;Soccer Pitch;Tennis Court;Volleyball Court;Pavilion;Spray Park	Baseline seeds 'Hicksville Community Park and Pool' and 'Rotary Park (Hicksville)' are the SAME entity. 'Rotary Park' is an informal name (contains Rotary Pavilion). Pool closed 2023; splash pad opened ~2024. ADDRESS_DISCREPANCY: admin address 111 S Main St vs GPS at 598 N Bryan St; using GPS address. Reservations: Rotary Pavilion (419) 542-8224.	https://villageofhicksville.com/parks-and-recreation/	https://villageofhicksville.com/park-facilities/;https://hicksvilleohiochamber.org/visit-hicksville/		2026-04-21T02:09:13Z	2026-04-21T02:09:13Z
Froggy Park	Park	Neighborhood Park		Active	Village of Hicksville, Ohio	Village of Hicksville				547 N Main Street, Hicksville, OH 43526		Defiance	Hicksville	Hicksville	41.2970155	-84.7687773	86HQ76WJ+RF		MINIMAL_DATA. Address 547 N Main St from OhioBiz directory. Listed as Area Recreation site by Hicksville Chamber. Distinct from Hicksville Community Park (598 N Bryan St).	https://www.ohiobiz.com/listings/froggy-park	https://hicksvilleohiochamber.org/visit-hicksville/		2026-04-21T02:09:13Z	2026-04-21T02:09:13Z
Hicksville Veterans Memorial	Memorial	Veterans Memorial		Active	Village of Hicksville, Ohio	Village of Hicksville			A community memorial park honoring men and women who have served the United States of America to preserve our rights.	Hicksville, OH 43526 (address not confirmed from authoritative source)		Defiance	Hicksville	Hicksville	41.2943616	-84.7682625	86HQ76VJ+PM		MINIMAL_DATA. VERIFY_ADDRESS — address not confirmed. Distinct from 'First Church of Christ Veterans Memorial' (118 N Main St), which is a church memorial. Village contact: (419) 542-6138.	https://www.facebook.com/HicksvilleVeteransMemorial/			2026-04-21T02:09:13Z	2026-04-21T02:09:13Z
Little Reservation Station Park	Park	Historic Park		Active	Village of Sherwood, Ohio	Village of Sherwood			A park where residents can enjoy peaceful moments in the Northwest Ohio outdoors, paying homage to the railroads that first brought settlers to Sherwood approximately 150 years ago.	Sherwood, OH 43556 (address not confirmed from authoritative source)		Defiance	Delaware	Delaware	41.2896819	-84.5525676	86HQ7CQW+VX		MINIMAL_DATA. Railroad heritage park per village government website (TLS error prevented page fetch; description from search snippet). Address not confirmed. Village of Sherwood: 200 N Harrison St, (419) 899-2145.	http://www.sherwoodohio.villagegovt.org/Default.aspx?tabid=5688			2026-04-21T02:09:13Z	2026-04-21T02:09:13Z
Moats Park	Park	Sports Park		Active	Village of Sherwood, Ohio	Village of Sherwood			A community park and ball field in the Village of Sherwood. Discovered during T6 map verification pass; not found in web discovery phase.	210 Cedar St, Sherwood, OH 43556		Defiance	Delaware	Delaware	41.2827831	-84.5528207	86HQ7CMW+4V	Ball Diamond	MAP_VERIFICATION_FIND (4.1 rating, 37 reviews). 'Sherwood Ball Park' appears as a possible separate Google Maps entity nearby — may be alternate name or second facility; recommend verification.	http://www.sherwoodohio.villagegovt.org/			2026-04-21T02:09:13Z	2026-04-21T02:09:13Z
Ney Park	Park	Neighborhood Park		Active	Village of Ney, Ohio	Village of Ney			The Village of Ney's main community park, providing facilities and programs for local residents and visitors with sports facilities, nature areas, and a playground.	370 W Main St, Ney, OH 43549		Defiance	Washington	Washington	41.3811614	-84.5250569	86HQ9FJF+FX	Playground	MINIMAL_DATA. Google Maps shows entity 'Ney Splash Pad' at 370 W Main St — GPS from this entity. Park may be primarily known for splash pad on Maps. Contact: Sheila Bostater (419-392-5218), Park Reservations (419-658-2578).	https://villageofney.com/parks-and-recreation			2026-04-21T02:09:13Z	2026-04-21T02:09:13Z
Thoreau Wildlife Reserve	Nature Preserve	Private Nature Preserve		Active	Diehl Family Foundation	Diehl Family Foundation	National Audubon Society (Audubon Sanctuary Program)		250-acre wildlife reserve encompassing various ecosystems including wetlands, prairie, hardwood forest, and old growth forest. Launched by the Diehl Family Foundation in 1989 as a land restoration initiative; opened to public in 2020. Located along Haller Road near Nobel Elementary School. Features interpretive signage with quotations from naturalist H.D. Thoreau. An Audubon Sanctuary Program partner supporting nesting bluebirds, wood ducks, and mallard ducks. Visitors enter via gravel lane to parking area. Seasonal restroom facility (March–November) near parking lot; nature center by Walden Pond currently unavailable.	10485 Haller Road, Defiance, OH 43512	250.0	Defiance	Defiance	Defiance	41.28	-84.41	86HQ7HJR+22	Hiking Trail;Wetland;Prairie;Parking Lot;Restrooms;Interpretive Sign	Diehl Family Foundation EIN 47-5650292. Open dawn-dusk since 2020. 4 trails (2 mi total) — trail names not published. Nature center by Walden Pond currently unavailable. Leash required.	https://www.thoreauwildlifereserve.org/	https://www.thoreauwildlifereserve.org/visit;https://visitdefianceohio.com/thoreau/;https://visitdefianceohio.com/business-directory/thoreau-wildlife-reserve-2/		2026-04-21T02:09:13Z	2026-04-21T02:09:13Z
Camp Lakota / Camp Neil Armstrong	Campground	Group Campground		Active	Black Swamp Area Council, Boy Scouts of America	Black Swamp Area Council, BSA			640-acre Boy Scout camp encompassing diverse forested terrain, the 48-acre Lake Glengary, and bordered on the west by the Auglaize River. Established in 1941; considered by many to provide a 'rustic' summer camp experience. Known for the connection to Neil Armstrong, who attended the camp as a boy and later served on staff. Offers Scouts BSA summer programming, weekend camping for packs and troops, advancement training, and outdoor skill development. Located south of the City of Defiance.	2180 Ginter Road, Defiance, OH 43512	640.0	Defiance	Defiance	Defiance	41.25575	-84.370571	86HQ7J4H+8Q	Camping;Lake;Hiking Trail;Watercraft Access	Limited access: restricted to Scouts BSA members and registered groups. BSA website referenced 'Hancock County' in text but address ZIP 43512 and USGS station (USGS-411502084225000 'Camp Lakota Bsa LK NR Defiance OH') confirm Defiance County. Camp Lakota Boy Scout Lake Dam is NID infrastructure — not a separate entity. Neil Armstrong connection noted.	https://www.blackswampbsa.org/camping/camp-lakota/63303	https://www.facebook.com/CampLakotaScoutingAmerica/		2026-04-21T02:09:13Z	2026-04-21T02:09:13Z
Bark & Run Dog Park	Park	Dog Park		Active	Defiance Bark'n Runners (501c3 nonprofit)	Defiance Bark'n Runners			501c3 nonprofit-operated membership dog park comprising two one-acre fenced areas where small and large dogs can be separated for safer play. Not affiliated with the City of Defiance. Funded through memberships and donations. Located on Precision Way across from the Defiance City Reservoir.	11795 Precision Way, Defiance, OH 43512	2.0	Defiance	Defiance	Defiance	41.271459	-84.392019	86HQ7JC5+H5	Dog Park;Pavilion	Membership required (annual June–June); children under 12 not permitted. City website lists under Facilities despite 'not affiliated with city' statement. NOTE: City may own land and lease to nonprofit — verify parcel at 11795 Precision Way (affects tier assignment).	https://www.defiancebarkandrun.com/	https://cityofdefiance.com/Facilities/Facility/Details/Bark-Run-Dog-Park-1;https://www.facebook.com/barknrun/		2026-04-21T02:09:13Z	2026-04-21T02:09:13Z
Shallow Creek Hunting Preserve	Hunting Area			Active	Private	Private			Private ODNR-licensed hunting preserve offering morning and afternoon pheasant hunts in 40-acre grassland fields. Fee-based public access (hunting reservation required). Contact 419-784-3911 to schedule a hunt.	7599 Stever Road, Defiance, OH 43512	40.0	Defiance	Noble	Noble	41.331725	-84.399129	86HQ8JJ2+M8	Hunting Area	ODNR-licensed hunting preserve. Fee-based limited access (reservation required). ODNR license number not found in available sources.	https://www.facebook.com/shallowcreekhuntingpreserve/	https://www.finandfield.com/organizations/shallow-creek-hunting-preserve-defiance		2026-04-21T02:09:13Z	2026-04-21T02:09:13Z
