name	alternate_names	use_type	surface_type	origin_type	length_mi	counties	governance	partner_agencies	status	difficulty	accessibility	description	trail_history	identity_notes	notes	url_primary	maps	created_at	updated_at
Van Buren State Park Hiking Trails		Hiking		Purpose-Built		Hancock	ODNR Division of Parks & Watercraft		Active			System of 9 named hiking loops within Van Buren State Park. Hikers are also permitted on the mountain biking and bridle trails.		Named loops: Green Trail (1 mi), Blue Trail (2 mi), Orange Trail (2 mi), Haiku Trail (0.2 mi), Sensory Trail (0.1 mi), Pink Trail (4 mi), Red Trail (2 mi), White Trail (1 mi), Yellow Trail (2 mi). Trailhead at south side parking lot. These named loops likely qualify as Trail Segments; resolve in normalization. Van Buren State Park Map (downloadable) available — may contain segment geometry. Map rev. 10/2025 shows corrected loop lengths: Pink=2.6mi, White=1.5mi, Orange=1.0mi. Purple Trail (0.3mi Easy) also documented on map — previously missing. Campground Connector (0.1mi Mod), Day Use Connector (0.1mi Easy), Cable Line Road Trail also shown. Sensory Trail (0.2mi) appears on map body.		https://ohiodnr.gov/go-and-do/plan-a-visit/find-a-property/van-buren-state-park		2026-05-16T16:04:21Z	2026-05-16T16:04:21Z
Van Buren State Park Mountain Bike Trails		Mountain Bike		Purpose-Built	3.0	Hancock	ODNR Division of Parks & Watercraft		Active			Three miles of mostly single-track mountain bike trails meander through the south shore woods providing both novice and intermediate riders with scenic views of Van Buren woodlands while crossing the boardwalks over ravines and offering some challenging features.		Named loops: Green Trail (1 mi), Blue Trail (2 mi). Hikers also permitted. Trailhead at South Shore Picnic Area parking lot.		https://ohiodnr.gov/go-and-do/plan-a-visit/find-a-property/van-buren-state-park		2026-05-16T16:04:21Z	2026-05-16T16:04:21Z
Van Buren State Park Bridle Trails		Bridle	Natural Surface	Purpose-Built	8.1	Hancock	ODNR Division of Parks & Watercraft		Active					"Named loops: Red Trail (2 mi), Pink Trail (4 mi), White Trail (1 mi), Yellow Trail (2 mi). Trailhead at day-use bridle area. Baseline listed ""Van Buren Bridle Trail"" — confirmed. Overnight Bridle Camp not confirmed on current page; verify via ODNR reservation system. Length/difficulty from official ODNR park map rev. 10/2025 — supersedes ODNR web page text."		https://ohiodnr.gov/go-and-do/plan-a-visit/find-a-property/van-buren-state-park		2026-05-16T16:04:21Z	2026-05-16T16:04:21Z
Heritage Trail		Multi-Use	Crushed Stone	Purpose-Built	20.22	Hancock	Hancock Park District		Active					HPD website lists 16 numbered segments totaling 20.22 miles. Trail passes through Litzenberg Memorial Woods, Indian Green-Worden CA, Liberty Landing, Blanchard River Greenway, Great Karg Well, Riverwalk, Eastpoint Area, Riverbend Recreation Area, and connecting road/trail corridors. Stage 16 Trail Segment records separately.		https://hancockparks.com/trails/heritage-trail/		2026-05-16T16:04:21Z	2026-05-16T16:04:21Z
Blanchard River Water Trail		Water	Water	Purpose-Built	37.6	Hancock	Hancock Park District		Active					ODNR-designated water trail, HPD-managed (per §4.6 management tier governs — T3 entity, not T2). Begins at Blanchard River Nature Preserve (22006 CR 17, Forest — COUNTY_VERIFY: may be Hardin County), ends at Blanchard Landing (SR 235 S of US 224 W, Findlay — Hancock). If start is in Hardin County, CROSS_COUNTY_CANDIDATE for Hancock + Hardin. Access points: Blanchard River NP (start), Jackson Landing, Riverbend Recreation Area (primitive campground), Waterfalls Area (portage), Great Karg Well (portage), Liberty Landing (9.3mi float start), Blanchard Landing (end). Downstream of Blanchard Landing continues to Putnam County (not part of designated BRWT).		https://hancockparks.com/trails/blanchard-river-water-trail/		2026-05-16T16:04:21Z	2026-05-16T16:04:21Z
Blanchard River Greenway Trail		Multi-Use	Paved	Greenway Corridor		Hancock	Hancock Park District		Active					Urban greenway linking parks and downtown Findlay. Route: Bright Road (eastern terminus at Eastpoint Area) to Fox Street (western terminus at River Landings), with connection to Broad Avenue and Township Road 89. Passes through seven River Parks: Eastpoint Area, Waterfalls Area, Riverside Park Waterfront (T6 — City of Findlay), Centennial Park, Great Karg Well Historical Site, River Landings, and HPD Administrative Offices. Riverside Park Waterfront is no longer HPD-managed (agreement ended Jan 1 2026) — will be T6 entity.		https://hancockparks.com/trails/blanchard-river-greenway-trail/		2026-05-16T16:04:21Z	2026-05-16T16:04:21Z
Riverwalk		Multi-Use	Paved	Greenway Corridor		Hancock	Hancock Park District		Active					Owned by City of Findlay, managed by HPD (since 1987) — T3 per §4.6. Route: Anchor Park to Cory Street along south side of Blanchard River. Part of Heritage Trail route (segment 7 passes through Riverwalk). Original development won 1989 OPRA Outstanding Facility Award. Redevelopment planned (aging infrastructure noted on page).		https://hancockparks.com/trails/riverwalk/		2026-05-16T16:04:21Z	2026-05-16T16:04:21Z
Highline Trail		Hiking	Natural Surface	Purpose-Built		Hancock	Hancock Park District		Active					Named trail at Aeraland Recreation Area (1141 TR 243, Fostoria). Listed in Features section of HPD park page. No length or surface data available from page. COUNTY_VERIFY: Aeraland address is Fostoria (see LOCAL-004 — Fostoria straddles Hancock/Seneca county line).		https://hancockparks.com/parks/arealand-recreation-area/		2026-05-16T16:04:21Z	2026-05-16T16:04:21Z
Upland Trail		Hiking	Natural Surface	Purpose-Built		Hancock	Hancock Park District		Active					Named trail at Aeraland Recreation Area (1141 TR 243, Fostoria). Listed in Features section of HPD park page alongside Highline Trail. No length or surface data available from page. COUNTY_VERIFY: Aeraland address is Fostoria (see LOCAL-004).		https://hancockparks.com/parks/arealand-recreation-area/		2026-05-16T16:04:21Z	2026-05-16T16:04:21Z
Ladybug Loop Trail		Hiking	Natural Surface	Purpose-Built	0.3	Hancock	Hancock Park District		Active					Named loop trail at Blue Rock Nature Preserve (Edgar Ave & Bank St, Findlay). Length 0.3 miles per park page. Loop trail — trail segments likely not warranted (single short loop, no named sections).		https://hancockparks.com/parks/blue-rock-nature-preserve/		2026-05-16T16:04:21Z	2026-05-16T16:04:21Z
Backwoods Trail		Hiking	Natural Surface	Purpose-Built		Hancock	Hancock Park District		Active					"Bridle trail at Litzenberg Memorial Woods (6100 US 224 W, Findlay). Listed in Features as ""Bridle trail (Backwoods Trail)"". No length data available from page."		https://hancockparks.com/parks/litzenberg-memorial-woods/		2026-05-16T16:04:21Z	2026-05-16T16:04:21Z
Old Mill Stream Scenic Byway		Other		Roadside Corridor	52.0	Hancock;Putnam	Hancock Park District		Active					"IDENTITY_FLAG: Listed on HPD ""Trails"" menu but is a 52-mile scenic DRIVING byway (vehicular route), not a non-motorized recreational trail. Assess eligibility for Trail entity type vs. out-of-scope. If eligible, CROSS_COUNTY_CANDIDATE (Hancock + Putnam counties per page). LOCAL-003 flag. Deferred to normalization phase for entity type determination."		https://hancockparks.com/trails/old-millstream-scenic-byway/		2026-05-16T16:04:21Z	2026-05-16T16:04:21Z
Emory Adams Park Walking Path — Westside		Hiking	Paved	Purpose-Built		Hancock	City of Findlay Parks and Recreation Department		Active					Walking path within Emory Adams Park. Westside loop: 1.2 miles. Source states two distinct loop paths (Westside 1.2 mi; Eastside 0.7 mi) — staged as separate Trail records. Paved/unpaved surface unknown. Uses park parking.		https://www.findlayohio.gov/government/city-departments/parks-and-recreation/city-parks/emory-adams-park		2026-05-16T16:04:21Z	2026-05-16T16:04:21Z
Emory Adams Park Walking Path — Eastside		Hiking	Paved	Purpose-Built		Hancock	City of Findlay Parks and Recreation Department		Active					Walking path within Emory Adams Park. Eastside loop: 0.7 miles. Extends over footbridge to lacrosse field area on east side of park. Staged as separate Trail record from Westside path.		https://www.findlayohio.gov/government/city-departments/parks-and-recreation/city-parks/emory-adams-park		2026-05-16T16:04:21Z	2026-05-16T16:04:21Z
Flag City Sports Complex Walking Path		Hiking	Paved	Purpose-Built		Hancock	City of Findlay Parks and Recreation Department		Active					Walking path at Flag City Sports Complex. Length: 0.45 miles. Listed as amenity on Flag City Sports Complex page.		https://www.findlayohio.gov/government/city-departments/parks-and-recreation/city-parks/flag-city-sports-complex		2026-05-16T16:04:21Z	2026-05-16T16:04:21Z
Lake Daugherty Walking Trail		Hiking	Paved	Purpose-Built	0.6	Hancock	City of Fostoria — Parks and Recreation		Active					Loop trail around Lake Daugherty (Reservoir 1). Stone surface. At wooded reservoir at edge of Fostoria. COUNTY_VERIFY — county inferred from Birding Hotspots and topozone.com; parcel GIS recommended.		https://fostoriaohio.gov/parks-and-rec		2026-05-16T16:04:21Z	2026-05-16T16:04:21Z
Lake Mottram Walking Trail		Hiking	Paved	Purpose-Built	0.69	Hancock	City of Fostoria — Parks and Recreation		Active					Paved loop trail around Lake Mottram (Reservoir 2). Adjacent to City Park. Hancock County confirmed (R2 is adjacent to City Park, which is explicitly Hancock County).		https://fostoriaohio.gov/parks-and-rec		2026-05-16T16:04:21Z	2026-05-16T16:04:21Z
Lake Lamberjack Walking Trail		Hiking	Paved	Purpose-Built	1.29	Hancock	City of Fostoria — Parks and Recreation		Active					Paved loop trail around Lake Lamberjack (Reservoir 3). Surrounded by woods. Hancock County inferred — adjacent to Lake Mottram (R2), which is confirmed Hancock County.		https://fostoriaohio.gov/parks-and-rec		2026-05-16T16:04:21Z	2026-05-16T16:04:21Z
Lake Mosier Walking Trail		Hiking	Paved	Purpose-Built	1.49	Hancock	City of Fostoria — Parks and Recreation		Active					Stone loop trail around Lake Mosier (Reservoir 4). Surrounded by woods. Hancock County likely — access via Hancock CR 23; COUNTY_VERIFY recommended.		https://fostoriaohio.gov/parks-and-rec		2026-05-16T16:04:21Z	2026-05-16T16:04:21Z
Lake LeComte Walking Trail		Hiking	Paved	Purpose-Built	1.8	Hancock	City of Fostoria — Parks and Recreation		Active					Stone loop trail around Lake LeComte (Reservoir 5). Surrounded by woods and farmland. Hancock County confirmed (hiiker.app, lake-link.com, Hancock CR 23). Also spelled 'LeCompte' in some sources.		https://fostoriaohio.gov/parks-and-rec		2026-05-16T16:04:21Z	2026-05-16T16:04:21Z
Veterans Memorial Reservoir Walking Trail		Hiking	Paved	Purpose-Built	2.3	Hancock	City of Fostoria — Parks and Recreation		Active					Stone loop trail around Veterans Memorial Reservoir (Reservoir 6). Surrounded by woods and farmland. COUNTY_VERIFY — hiiker.app lists as Hancock County; Mapcarta lists as Seneca County; parcel GIS recommended.		https://fostoriaohio.gov/parks-and-rec		2026-05-16T16:04:21Z	2026-05-16T16:04:21Z
Benton Ridge Community Park Walking Track		Hiking	Natural Surface	Purpose-Built		Hancock	Hancock Park District		Active					Walking track located within Benton Ridge Community Park (159 OH-235, Rawson). Governance: Hancock Park District (HPD). Staged at T3. StoryWalk also present along the walking track.		https://visitfindlay.com/places/benton-ridge-community-park/		2026-05-16T16:04:21Z	2026-05-16T16:04:21Z
Bluffton Bicycle Pathway		Bicycling	Paved	Purpose-Built		Hancock;Allen	Village of Bluffton		Active					"CROSS_COUNTY_CANDIDATE — Also called ""Village of Bluffton Pathway"" (American Trails). Pathway connects Buckeye Park (400 W. Spring St.) and Village Park (County Line Rd.), spanning Hancock/Allen County boundary. Goes under I-75, passes two quarries, follows a creek. Approximately 8 miles total as of 2021 per third-party sources (started 1990 with 2.5 miles). Phone: 419-358-2066 (Village of Bluffton). Village of Bluffton straddles Hancock/Allen County (LOCAL-005); GIS verification required during map pass. No standalone Google Maps entity found for pathway. North endpoint (Buckeye Park): lat=40.8993009, lon=-83.8889884; South endpoint (Bluffton Village Park): lat=40.883544, lon=-83.885384. Trailhead-specific GPS to be confirmed during GPS Acquisition Module pass."		https://visitfindlay.com/places/bluffton-bicycle-pathway/		2026-05-16T16:04:21Z	2026-05-16T16:04:21Z
Findlay Reservoir Dike Trail		Multi-Use	Natural Surface	Purpose-Built		Hancock	City of Findlay — Water Department; Ohio Department of Natural Resources Division of Wildlife (cooperative management)		Active					T6 MISS — found during T8 discovery pass 2026-05-15. Earthen dike trail surrounding Findlay Reservoirs #1 and #2 (City of Findlay municipal water supply). Reservoir #1 dike = 2.0 miles; Reservoir #2 dike = 4.3 miles; shared dike between reservoirs = 1.0 mile; outer perimeter of combined reservoir system = 5.3 miles (source: hiking-ohio.com). Trail on City of Findlay earthen infrastructure dikes; ODNR cooperative agreement covers recreation access. Notable as eBird hotspot L285907 (Findlay Reservoirs) — popular winter waterfowl birding. Often described in conjunction with Riverbend Recreation Area (HPD T3) — physically adjacent but distinct governance. Staged at discovery_tier=6 (City of Findlay). GPS pending GPS Acquisition Module pass. Seeded from Copilot baseline (Findlay Reservoir Trail).		https://hiking-ohio.com/findlay-waterworks-reservoirs-and-riverbend-activity-area/		2026-05-16T16:04:21Z	2026-05-16T16:04:21Z
McComb Reservoir Walk Trail		Hiking	Natural Surface	Purpose-Built		Hancock	Village of McComb		Active					T6 MISS — found during T8 discovery pass 2026-05-15. One-mile walk and fitness trail on paved path winding from the front of the village park around the base of both McComb Reservoirs to the back of the park. ODNR PDF map shows paved path symbol around reservoir complex. Village of McComb governance. Staged at discovery_tier=6. GPS pending GPS Acquisition Module pass. Seeded from Copilot baseline (McComb Reservoir Trail).		https://www.villageofmccomb.com/parks-and-amenities		2026-05-16T16:04:21Z	2026-05-16T16:04:21Z
