Access Point ID	Name	AP Type	Status	Parent Entity Type	Parent Entity ID	County	Township	Municipality	Address	GPS Lat	GPS Lon	Plus Code	Features	Identity Notes	Notes	URL
OH-SC-AP-0001	Shawnee State Park / Shawnee Backpack Trail — Main Trailhead Parking	Trailhead		Trail	OH-MC-T-0006	Scioto	Nile		St Forest Rd 2, Blue Creek, OH 45616	38.740963	-83.205171	86CRPQRV+9W	Parking;Trailhead access;Shawnee Backpack Trail access	GPS confirmed via Google Maps (38.740963, -83.205171); address: St Forest Rd 2, Blue Creek, OH 45616. This is the main trailhead/parking area for the Shawnee Backpack Trail. Dual parent: Shawnee State Park (SC-S-0005) and Shawnee State Forest (SC-S-0004) — trail traverses both units and trailhead sits at or near the park/forest boundary. First confirmed Access Point for Scioto County.		
OH-SC-AP-0002	Shawnee State Forest Headquarters	Parking Area		Site	OH-MC-S-0002	Scioto	Nile		13291 US-52, West Portsmouth, OH 45663	38.703268	-83.088892	86CRPW36+8C	Parking;Forest headquarters;Information;Maps and permits available;Restrooms likely	GPS confirmed via Google Maps (38.7032684, -83.0888916); address: 13291 US-52, West Portsmouth, OH 45663. Phone: (740) 858-6685. This is the same GPS reference point used for the Shawnee State Forest Site record (SC-S-0004) — the HQ coordinates double as the primary parking/access point. Access Point type: Parking Area (administrative access, not a trailhead per se).		
OH-SC-AP-0003	Shawnee State Park Marina — Ohio River Boat Launch	Boat Launch		Site	OH-SC-S-0005	Scioto	Nile		Nile Township, OH 45684	38.677156	-83.109268	86CRMVGR+V7	Boat launch;Marina;72 dock slips;Ohio River access;Fishing access	GPS confirmed via Google Maps (38.6771559, -83.1092679); Nile Township, OH 45684. Marina operates 72 dock slips on the Ohio River. This is a separate facility from the main park lodge/trail complex — located on the river approximately 3.5 miles south-southeast of the main park entrance. Access Point type: Marina (with boat launch capability).		
OH-SC-AP-0004	Burkes Point Boat Ramp	Boat Launch				Scioto	Porter		75 Riverside Drive, Wheelersburg, OH 45694	38.6888	-82.876503	86CVM4QF+G9	Boat launch;Ohio River access;Trailer parking	Managing agency not confirmed from available sources. Listed on Scioto County government recreation page (sciotocountyoh.com) under 'Other Attractions.' Location is in Porter Township near Wheelersburg. GPS from fishing.org (38.68880000, -82.87650278) — treat as approximate; not confirmed from authoritative source. County website listing suggests county or county-adjacent governance; ODNR, Army Corps, or county management all possible. Flag: GOVERNANCE_UNCERTAIN — verify managing entity before final tier assignment.		
OH-SC-AP-0005	Ohio Hanging Rock Trailhead	Trailhead		Site	OH-SC-S-0039	Scioto	Bloom			38.815566	-82.786171	86CVR687+6G	Small gravel parking lot;trailhead for Ohio Hanging Rock Trail	Single trailhead and parking area. Second trailhead planned for 2026 expansion.		
OH-SC-AP-0006	Tremper Mound Main Entrance	Pedestrian Entrance		Site	OH-SC-S-0041	Scioto	Rush			38.802385	-83.008597	86CRRX2R+XH	Main parking lot;trailhead for Tremper Mound Trail and Pond Creek Bottom Trail;southbound approach only on OH-104 (concrete island divider)	Approach from intersection of OH-73 and OH-104, turn south toward Portsmouth; entrance .25 miles on right separated by cement island. Southbound approach only due to traffic hazard.		
OH-SC-AP-0007	Huckleberry Ridge Trailhead	Trailhead		Site	OH-SC-S-0041	Scioto	Rush			38.793205	-83.015156	86CRQXVM+7W	Trailhead parking lot;serves Fairybell Hollow Trail	Second trailhead for Tremper Mound preserve. Located 0.5 miles south of main entrance on OH-104 at the Huckleberry Ridge Trailhead sign.		
OH-SC-AP-0008	Gladys Riley Golden Star Lily Preserve Trailhead	Trailhead		Site	OH-SC-S-0042	Scioto	Brush Creek			38.85062	-83.201882	86CRVQ2X+66	Gravel trailhead parking lot;serves Yellow Buckeye Trail and White Walnut Trail	Parking lot on left immediately after crossing Rocky Fork Bridge on Tick Ridge-Koenig Rd. Directions: SR-32 east of Peebles → south on SR-73 12.2 mi → right/south on SR-348 1.1 mi → left on Rocky Fork Rd 0.2 mi → left on Tick Ridge-Koenig Rd 0.2 mi.		
OH-SC-AP-0009	Otway Covered Bridge Park Entrance	Pedestrian Entrance		Site	OH-SC-S-0045	Scioto	Brush Creek			38.85932	-83.1906	86CRVR55+PQ	Bridge park access;historic covered bridge	Bridge itself is the primary visitor attraction and access point to the Scioto Brush Creek crossing. Brush Creek Township.		
