name	category	subtype	designation	status	ownership	governance	partner_agencies	coordination	description	habitat_type	features	access_notes	location	acres	counties	municipality	township	gps_lat	gps_lon	plus_code	notes	url_primary	urls	last_verified_date	field_verified	parent_site_id	parent_site_name	created_at	updated_at	ebird_hotspot_id
Lawrence Woods State Nature Preserve	Nature Preserve	State Nature Preserve	State Nature Preserve	Active	State of Ohio	ODNR Division of Natural Areas and Preserves			Largest known mature forest in northwest Ohio; home to numerous rare plant and animal species. Multiple forest community types depending on elevation: oak-hickory on highest/driest sites grading to beech-maple, beech-oak-red maple, and maple-ash-oak swamp communities. Large trees of many species including white, yellow, red, and bur oaks, beech, white ash, shagbark hickory, red maple, sugar maple, and sycamore. Substantial buttonbush swamps inundated for most of the year. Heart-leaf plantain (Plantago cordata), an Ohio endangered species known from only three state sites, occurs here. Excellent for birding and spring wildflowers.	Old-growth/mature upland forest (oak-hickory, beech-maple); buttonbush swamp wetlands; spring wildflower groundlayer	Boardwalk;Hiking Trail	Open 1/2 hour before sunrise to 1/2 hour after sunset. Stay on designated trails. Pets not permitted. No restrooms.	13278 County Road 190, Kenton, OH 43326; approximately 4 miles south of Kenton	1034.93	Hardin			40.683300	-83.609200			https://ohiodnr.gov/go-and-do/plan-a-visit/find-a-property/lawrence-woods-state-nature-preserve	https://ohiodnr.gov/go-and-do/plan-a-visit/find-a-property/lawrence-woods-state-nature-preserve;https://naturepreserves.ohiodnr.gov/lawrencewoods	2026-06-01	false			2026-06-01T00:00:00+00:00	2026-06-01T00:00:00+00:00	L324903
Hardin County Veterans Memorial Park	Park	Waterfront Park		Active	Hardin County Veterans Memorial Park District	Board of Park Commissioners, Hardin County Veterans Memorial Park District			26-acre county park district property centered on Boy Scout Lake (4.1 acres). Created July 30, 1946 by order of the Hardin County Probate Court; governed by Board of Park Commissioners appointed by the Probate Judge. District covers Buck, Cessna, Goshen, Lynn, Pleasant, and Washington Townships plus the City of Kenton. Features a 4.1-acre fishing lake (no license required), paved walking path, dog run, children's playground, and three shelter houses. Entirely handicap accessible. First paved walking path segment completed 2009.		ADA Accessible;Basketball Court;Dog Park;Hiking Trail;Parking Lot;Pavilion;Playground		15906 OH-309, Kenton, OH 43326	26	Hardin			40.647000	-83.609500			https://hardinvetspark.org/	https://hardinvetspark.org/	2026-06-01	false			2026-06-01T00:00:00+00:00	2026-06-01T00:00:00+00:00	
Boy Scout Lake	Water Site	Pond		Active	Hardin County Veterans Memorial Park District	Board of Park Commissioners, Hardin County Veterans Memorial Park District			4.1-acre lake within Hardin County Veterans Memorial Park. Named \"Boy Scout Lake\" from original plans for a boys' camp. Primary fishing feature of the park â no fishing license required. Shelter house located at the north end. Walking path circles the lake.	Pond/lake; park setting	Hiking Trail;Pavilion		Within Hardin County Veterans Memorial Park, 15906 OH-309, Kenton, OH 43326	4.10	Hardin			40.647000	-83.609500			https://hardinvetspark.org/	https://hardinvetspark.org/	2026-06-01	false	OH-HAR-S-004	Hardin County Veterans Memorial Park	2026-06-01T00:00:00+00:00	2026-06-01T00:00:00+00:00	
Silver Creek Center for Environmental Studies	Natural Area			Active	Hardin Soil and Water Conservation District	Hardin Soil and Water Conservation District			25-acre educational and natural area managed by the Hardin SWCD on the north side of State Route 67 approximately 2-3 miles west of Kenton. Features a wooded area with paved handicap-accessible trail leading to a small wetland with bridge access. Mowed walking paths continue beyond the wetland to a shelter house and throughout the property. Self-guided nature trail with markers identifying trees and plants. Scenic woodlands, meadow, and streamlet. Used for environmental education (4-H groups, school programs). Named for Silver Creek which flows through or near the property.	Wooded upland; small wetland; meadow; streamlet	Bridge;Hiking Trail;Pavilion;Restrooms;Wetland	Open to groups and families. Group visits require reservations; contact SWCD at (419) 673-0456. No restrooms. Educational programming available for groups.	12525 State Route 67W, Kenton, OH 43326; on north side of SR-67, 2-3 miles west of Kenton	25	Hardin			40.625433	-83.649567			https://hardincountyohio.gov/swcd-silver-creek-environmental-center/	https://hardincountyohio.gov/swcd-silver-creek-environmental-center/	2026-06-01	false			2026-06-01T00:00:00+00:00	2026-06-01T00:00:00+00:00	
McKendree Cemetery	Cemetery	Public Cemetery		Active	Goshen Township trustees, Hardin County	Goshen Township trustees, Hardin County							SE side of CR 265, 1/2 mile north of TR 235 and TR 120, Goshen Township, Hardin County		Hardin			40.663621	-83.452288			https://sites.rootsweb.com/~ohcps/hardin.html	https://sites.rootsweb.com/~ohcps/hardin.html	2026-06-01	false			2026-06-01T00:00:00+00:00	2026-06-01T00:00:00+00:00	
Shanks Cemetery	Cemetery	Public Cemetery		Active	Goshen Township trustees, Hardin County	Goshen Township trustees, Hardin County							CR 215, 300 yards east of Rev Horn Run, Goshen Township, Hardin County		Hardin							https://sites.rootsweb.com/~ohcps/hardin.html	https://sites.rootsweb.com/~ohcps/hardin.html	2026-06-01	false			2026-06-01T00:00:00+00:00	2026-06-01T00:00:00+00:00	
Cessna Cemetery	Cemetery	Public Cemetery		Active	Cessna Township trustees, Hardin County	Cessna Township trustees, Hardin County							1/4 mile SE from SR 701 and TR 105, Cessna Township, Hardin County		Hardin			40.718050	-83.658424			https://sites.rootsweb.com/~ohcps/hardin.html	https://sites.rootsweb.com/~ohcps/hardin.html	2026-06-01	false			2026-06-01T00:00:00+00:00	2026-06-01T00:00:00+00:00	
Ft. McArthur Cemetery	Cemetery	Public Cemetery		Active	Cessna Township trustees, Hardin County	Cessna Township trustees, Hardin County							South of CR 106 and east of TR 125, Cessna Township, Hardin County		Hardin							https://sites.rootsweb.com/~ohcps/hardin.html	https://sites.rootsweb.com/~ohcps/hardin.html	2026-06-01	false			2026-06-01T00:00:00+00:00	2026-06-01T00:00:00+00:00	
Grant Cemetery	Cemetery	Public Cemetery		Active	Pleasant Township trustees, Hardin County	Pleasant Township trustees, Hardin County							North side TR 74, west of SR 53, north of Kenton, Pleasant Township, Hardin County		Hardin			40.724155	-83.560842			https://sites.rootsweb.com/~ohcps/hardin.html	https://sites.rootsweb.com/~ohcps/hardin.html	2026-06-01	false			2026-06-01T00:00:00+00:00	2026-06-01T00:00:00+00:00	
Woodlawn Cemetery	Cemetery	Public Cemetery		Active	Liberty Township trustees, Hardin County	Liberty Township trustees, Hardin County							Corner of CR 60 and west side of SR 235, Liberty Township, Hardin County		Hardin			40.746100	-83.822800			https://sites.rootsweb.com/~ohcps/hardin.html	https://sites.rootsweb.com/~ohcps/hardin.html	2026-06-01	false			2026-06-01T00:00:00+00:00	2026-06-01T00:00:00+00:00	
Woodlawn (New) Cemetery	Cemetery	Public Cemetery		Active	Liberty Township trustees, Hardin County	Liberty Township trustees, Hardin County							Corner of CR 60 and east side of SR 235, Liberty Township, Hardin County		Hardin			40.746100	-83.822800			https://sites.rootsweb.com/~ohcps/hardin.html	https://sites.rootsweb.com/~ohcps/hardin.html	2026-06-01	false			2026-06-01T00:00:00+00:00	2026-06-01T00:00:00+00:00	
Fairview-McDonald Cemetery	Cemetery	Public Cemetery		Active	McDonald Township trustees, Hardin County	McDonald Township trustees, Hardin County							5302 SR 67, west of Kenton, McDonald Township, Hardin County		Hardin			40.591250	-83.778750			https://sites.rootsweb.com/~ohcps/hardin.html	https://sites.rootsweb.com/~ohcps/hardin.html	2026-06-01	false			2026-06-01T00:00:00+00:00	2026-06-01T00:00:00+00:00	
Dunkirk Cemetery	Cemetery	Public Cemetery		Active	Blanchard Township trustees, Hardin County	Blanchard Township trustees, Hardin County							NW corner of SR 68 and TR 40, Blanchard Township, Hardin County		Hardin			40.776274	-83.641252			https://sites.rootsweb.com/~ohcps/hardin.html	https://sites.rootsweb.com/~ohcps/hardin.html	2026-06-01	false			2026-06-01T00:00:00+00:00	2026-06-01T00:00:00+00:00	
Hall Cemetery	Cemetery	Public Cemetery		Active	Blanchard Township trustees, Hardin County	Blanchard Township trustees, Hardin County							East of TR 165 and 600 feet south of TR 46, Blanchard Township, Hardin County		Hardin			40.784219	-83.961887			https://sites.rootsweb.com/~ohcps/hardin.html	https://sites.rootsweb.com/~ohcps/hardin.html	2026-06-01	false			2026-06-01T00:00:00+00:00	2026-06-01T00:00:00+00:00	
Roundhead Cemetery (Old)	Cemetery	Church Cemetery		Active	Roundhead Township trustees, Hardin County	Roundhead Township trustees, Hardin County							2465 CR 190, east of SR 235, north side, Roundhead Township, Hardin County		Hardin			40.560505	-83.833634			https://sites.rootsweb.com/~ohcps/hardin.html	https://sites.rootsweb.com/~ohcps/hardin.html	2026-06-01	false			2026-06-01T00:00:00+00:00	2026-06-01T00:00:00+00:00	
Roundhead Cemetery (New)	Cemetery	Public Cemetery		Active	Roundhead Township trustees, Hardin County	Roundhead Township trustees, Hardin County							2800 CR 190, 1/4 mile east of SR 235, south side, Roundhead Township, Hardin County		Hardin			40.560827	-83.829837			https://sites.rootsweb.com/~ohcps/hardin.html	https://sites.rootsweb.com/~ohcps/hardin.html	2026-06-01	false			2026-06-01T00:00:00+00:00	2026-06-01T00:00:00+00:00	
Henkle/Hinkle Cemetery	Cemetery	Public Cemetery		Active	Roundhead Township trustees, Hardin County	Roundhead Township trustees, Hardin County							NW corner SR 67 and SR 235, Roundhead Township, Hardin County		Hardin			40.587193	-83.841943			https://sites.rootsweb.com/~ohcps/hardin.html	https://sites.rootsweb.com/~ohcps/hardin.html	2026-06-01	false			2026-06-01T00:00:00+00:00	2026-06-01T00:00:00+00:00	
Dola Cemetery	Cemetery	Public Cemetery		Active	Washington Township trustees, Hardin County	Washington Township trustees, Hardin County							North side SR 81, Washington Township, Hardin County		Hardin			40.779985	-83.675041			https://sites.rootsweb.com/~ohcps/hardin.html	https://sites.rootsweb.com/~ohcps/hardin.html	2026-06-01	false			2026-06-01T00:00:00+00:00	2026-06-01T00:00:00+00:00	
Hale Cemetery	Cemetery	Public Cemetery		Active	Hale Township trustees, Hardin County	Hale Township trustees, Hardin County							North side SR 273 west of Mount Victory, east of TR 179, Hale Township, Hardin County		Hardin			40.531952	-83.550520			https://sites.rootsweb.com/~ohcps/hardin.html	https://sites.rootsweb.com/~ohcps/hardin.html	2026-06-01	false			2026-06-01T00:00:00+00:00	2026-06-01T00:00:00+00:00	
Ridgeway Cemetery	Cemetery	Public Cemetery		Active	Hale Township trustees, Hardin County	Hale Township trustees, Hardin County							West side of TR 179, south of SR 273, Hale Township, Hardin County		Hardin			40.524705	-83.553768			https://sites.rootsweb.com/~ohcps/hardin.html	https://sites.rootsweb.com/~ohcps/hardin.html	2026-06-01	false			2026-06-01T00:00:00+00:00	2026-06-01T00:00:00+00:00	
Patterson Cemetery	Cemetery	Public Cemetery		Active	Jackson Township trustees, Hardin County	Jackson Township trustees, Hardin County							TR 195 north of SR 81 on east side, Jackson Township, Hardin County		Hardin			40.787321	-83.528366			https://sites.rootsweb.com/~ohcps/hardin.html	https://sites.rootsweb.com/~ohcps/hardin.html	2026-06-01	false			2026-06-01T00:00:00+00:00	2026-06-01T00:00:00+00:00	
Hueston Cemetery	Cemetery	Public Cemetery		Active	Jackson Township trustees, Hardin County	Jackson Township trustees, Hardin County							CR 183 and CR 20, west of Forest, Jackson Township, Hardin County		Hardin			40.804771	-83.554760			https://sites.rootsweb.com/~ohcps/hardin.html	https://sites.rootsweb.com/~ohcps/hardin.html	2026-06-01	false			2026-06-01T00:00:00+00:00	2026-06-01T00:00:00+00:00	
Gunn Cemetery	Cemetery	Public Cemetery		Active	Lynn Township trustees, Hardin County	Lynn Township trustees, Hardin County							300 ft south of SR 67, west of CR 95, Lynn Township, Hardin County		Hardin							https://sites.rootsweb.com/~ohcps/hardin.html	https://sites.rootsweb.com/~ohcps/hardin.html	2026-06-01	false			2026-06-01T00:00:00+00:00	2026-06-01T00:00:00+00:00	
Norman Cemetery	Cemetery	Public Cemetery		Active	Lynn Township trustees, Hardin County	Lynn Township trustees, Hardin County							West side CR 115, south of SR 67W, Lynn Township, Hardin County		Hardin			40.598399	-83.673023			https://sites.rootsweb.com/~ohcps/hardin.html	https://sites.rootsweb.com/~ohcps/hardin.html	2026-06-01	false			2026-06-01T00:00:00+00:00	2026-06-01T00:00:00+00:00	
Seig Cemetery	Cemetery	Public Cemetery		Active	Taylor Creek Township trustees, Hardin County	Taylor Creek Township trustees, Hardin County							CR 200, east of US 68, Taylor Creek Township, Hardin County		Hardin			40.554397	-83.654068			https://sites.rootsweb.com/~ohcps/hardin.html	https://sites.rootsweb.com/~ohcps/hardin.html	2026-06-01	false			2026-06-01T00:00:00+00:00	2026-06-01T00:00:00+00:00	
Yelverton Cemetery	Cemetery	Public Cemetery		Active	Taylor Creek Township trustees, Hardin County	Taylor Creek Township trustees, Hardin County							East side of CR 115 at TR 210, Taylor Creek Township, Hardin County		Hardin			40.538644	-83.719376			https://sites.rootsweb.com/~ohcps/hardin.html	https://sites.rootsweb.com/~ohcps/hardin.html	2026-06-01	false			2026-06-01T00:00:00+00:00	2026-06-01T00:00:00+00:00	
Saulisberry Park	Campground	RV Campground		Active	City of Kenton Parks & Recreation	City of Kenton Parks & Recreation			167-acre former stone quarry site west of Kenton featuring France Lake (quarry lake) for fishing, boating, and kayaking. Includes a campground with 33 campsites (electric, water/electric, and full hookup options), primitive tent camping, and monthly hookup sites. Playground, basketball court, picnic tables scattered around the lake, kayak launcher. Permit required for lake activities; purchased through City of Kenton. No swimming permitted.	Former quarry lake; open water; grassy areas; flat terrain	Basketball Court;Camping;Picnic Area;Playground;Watercraft Access		13344 State Route 67W, Kenton, OH 43326	167.40	Hardin			40.620900	-83.637400			https://cityofkenton.recdesk.com/Community/Facility/Detail?facilityId=1	https://cityofkenton.recdesk.com/Community/Facility/Detail?facilityId=1;https://www.hipcamp.com/en-US/land/ohio-saulisberry-park-france-lake-campground-2ejhwxd1	2026-06-01	false			2026-06-01T00:00:00+00:00	2026-06-01T00:00:00+00:00	L3661530
France Lake	Water Site	Lake		Active	City of Kenton Parks & Recreation	City of Kenton Parks & Recreation			Former stone quarry lake at Saulisberry Park, west of Kenton. Used for fishing, boating, and kayaking. No swimming permitted. Permit required for lake activities. Surrounded by flat grassy campground terrain.	Former quarry lake; open water	Watercraft Access		Within Saulisberry Park, 13344 State Route 67W, Kenton, OH 43326		Hardin			40.620900	-83.637400			https://cityofkenton.recdesk.com/Community/Facility/Detail?facilityId=1	https://cityofkenton.recdesk.com/Community/Facility/Detail?facilityId=1	2026-06-01	false			2026-06-01T00:00:00+00:00	2026-06-01T00:00:00+00:00	
C.E. Wharton Memorial Park	Park	Sports Park		Active	City of Kenton Parks & Recreation	City of Kenton Parks & Recreation			21.4-acre municipal park in Kenton featuring an 18-hole disc golf course that hosts local tournaments. Walking and running paths through green space. Leisure Playground; basketball and soccer facilities. Wharton Park Bark Park (dog park) located within the park. Known as a premier disc golf venue in Hardin County.		Basketball Court;Disc Golf Course;Dog Park;Playground		Kenton, OH (specific address TBD)	21.40	Hardin							https://cityofkenton.com/parks/	https://cityofkenton.com/parks/	2026-06-01	false			2026-06-01T00:00:00+00:00	2026-06-01T00:00:00+00:00	
Home Run Memorial Park	Recreation Facility	Sports Complex		Active	City of Kenton Parks & Recreation	City of Kenton Parks & Recreation			40.8-acre baseball and softball complex in Kenton. Seven fields with a 1/2-mile walking track, full concession stand with board office and umpire locker room, indoor batting cages, picnic areas, and parking for approximately 400 cars. Home of Kenton Little League.		Athletic Field;Ball Diamond;Parking Lot;Pavilion;Picnic Area		13625 State Route 292, Kenton, OH 43326	40.80	Hardin							https://www.kentonlittleleague.com/Default.aspx?tabid=1389798	https://www.kentonlittleleague.com/Default.aspx?tabid=1389798	2026-06-01	false			2026-06-01T00:00:00+00:00	2026-06-01T00:00:00+00:00	
Gene Autry Park	Memorial	Civic Memorial		Active	City of Kenton Parks & Recreation	City of Kenton Parks & Recreation			Small downtown memorial park at the corner of Market Street and State Route 309, dedicated June 26, 2004. Features a 30x80-foot mural of Gene Autry (painted on adjacent building wall) on his horse Champion. Park includes a bench adorned with wagon wheels, shrubs, and a stone commemorating Gene Autry's connection to Kenton. Primarily a mural/memorial experience; small urban green space.		Monument		Corner of Market Street and State Route 309, downtown Kenton, OH		Hardin							https://www.lasr.net/travel/city.php?TravelTo=OH0506007&Attraction_ID=OH0506007a005&VA=Y	https://www.lasr.net/travel/city.php?TravelTo=OH0506007&Attraction_ID=OH0506007a005&VA=Y	2026-06-01	false			2026-06-01T00:00:00+00:00	2026-06-01T00:00:00+00:00	
Pioneer Park	Park	Greenspace		Active	City of Kenton Parks & Recreation	City of Kenton Parks & Recreation			Municipal park on King Street in Kenton offering green space for walking and running.				King Street, Kenton, OH		Hardin							https://cityofkenton.com/parks/	https://cityofkenton.com/parks/	2026-06-01	false			2026-06-01T00:00:00+00:00	2026-06-01T00:00:00+00:00	
Murray Park	Park	Greenspace		Active	City of Kenton Parks & Recreation	City of Kenton Parks & Recreation			Small municipal park located on North Cherry Street in Kenton, situated around a small water body.				511-599 N Cherry St, Kenton, OH 43326		Hardin							https://cityofkenton.com/parks/	https://cityofkenton.com/parks/	2026-06-01	false			2026-06-01T00:00:00+00:00	2026-06-01T00:00:00+00:00	
Ada War Memorial Park	Park	Historic Park		Active	Village of Ada	Village of Ada			Large municipal park covering 70+ acres in the Village of Ada, established in the 1930s as a memorial to World War I veterans. Features a historic log cabin from the early 19th century restored as a public museum. Contains a stocked fishing pond for fishing, boating, and picnicking. Several hiking trails wind through wooded areas. Recreational amenities include playground, picnic shelters, basketball court, and pavilion. Ice skating in winter.	Wooded areas; stocked pond; open park lawns	Basketball Court;Cabin Rentals;Fishing Area;Hiking Trail;Historic Structure;Pavilion;Playground;Pond		401 N Park Dr, Ada, OH 45810	70	Hardin			40.768300	-83.825000			https://www.adaoh.gov/taxonomy/term/56	https://www.adaoh.gov/taxonomy/term/56;https://www.facebook.com/AdaWarMemoralPark/	2026-06-01	false			2026-06-01T00:00:00+00:00	2026-06-01T00:00:00+00:00	
Ada Railroad Park	Historic Site	Historic Landmark	National Register of Historic Places (NRHP)	Active	Village of Ada	Village of Ada			Historic village park at the site of the former Ada Pennsylvania Railroad Station. The village purchased the lot in 1958. Features a surface parking lot, park benches, picnic tables, and new plantings while retaining historic configuration, open space, view sheds, and memorial cannon. NRHP-listed (1998) as \"Ada Pennsylvania Station and Railroad Park\" â a former railroad station building associated with the park.		Historic Structure;Parking Lot;Picnic Area		112 E Central Ave, Ada, OH 45810		Hardin							https://www.adaoh.gov/	https://www.adaoh.gov/;https://www.historic-structures.com/oh/ada/ada-pennsylvania-station/	2026-06-01	false			2026-06-01T00:00:00+00:00	2026-06-01T00:00:00+00:00	
Gormley Park	Park	Waterfront Park		Active	Village of Forest	Village of Forest			Village park on Mary Street on the east side of Forest. Features a beautiful stocked pond, scenic walking trails, playgrounds, softball/baseball fields, tennis courts, basketball courts, and sand volleyball courts. Three pavilion buildings available for rental (including an All-Weather Pavilion with AC, kitchen, and capacity for 115 people). Gazebo. Home of the Jackson-Forest Fire Department's annual Tree Town Festival in July.	Stocked pond; park lawns; wooded edges	Ball Diamond;Basketball Court;Fishing Area;Gazebo;Hiking Trail;Pavilion;Playground;Pond;Tennis Court;Volleyball Court		Mary Street, Forest, OH 45843 (east side of village)		Hardin							https://www.villageofforest.com/parks-and-recreation/	https://www.villageofforest.com/parks-and-recreation/	2026-06-01	false			2026-06-01T00:00:00+00:00	2026-06-01T00:00:00+00:00	
Ranger Sports Complex	Recreation Facility	Sports Complex		Active	Village of Forest	Village of Forest			Multi-field soccer complex on the site of the former Riverdale Forest Elementary School on West Dixon Street in Forest. Home of the Riverdale Youth Soccer Club (member of Black Swamp Soccer League). Hosts soccer practices and games from multiple area communities each spring and fall. Site of the Riverdale Spring Classic Soccer Tournament in May, drawing 2000+ visitors. Features a pavilion built with a Nature Works Grant (2011), handicap accessible restrooms, concession area, and covered picnic area.		ADA Accessible;Parking Lot;Pavilion;Picnic Area;Restrooms;Soccer Pitch		West Dixon Street, Forest, OH 45843 (former Riverdale Forest Elementary site)		Hardin							https://www.villageofforest.com/parks-and-recreation/	https://www.villageofforest.com/parks-and-recreation/	2026-06-01	false			2026-06-01T00:00:00+00:00	2026-06-01T00:00:00+00:00	
Dunkirk Community Park	Park	Neighborhood Park		Active	Village of Dunkirk	Village of Dunkirk			Village park in Dunkirk. Features playground equipment, ball field, and picnic shelter.		Playground		Dunkirk, OH 45836		Hardin							https://villageofdunkirk.com/	https://villageofdunkirk.com/	2026-06-01	false			2026-06-01T00:00:00+00:00	2026-06-01T00:00:00+00:00	
McGuffey Village Park	Park	Neighborhood Park		Active	Village of McGuffey	Village of McGuffey			Village park in McGuffey featuring playground equipment (slides, swings, monkey bars, tether ball) located near the pool area. Gazebo along the south border of the former railroad right-of-way. Small community park with active recreational use.		Gazebo;Playground;Swimming Pool		McGuffey, OH 45859		Hardin			40.693200	-83.783500			https://www.facebook.com/villageofmcguffey/	https://www.facebook.com/villageofmcguffey/	2026-06-01	false			2026-06-01T00:00:00+00:00	2026-06-01T00:00:00+00:00	
Mount Victory Village Park	Park	Neighborhood Park		Active	Village of Mount Victory	Village of Mount Victory			Community park in Mount Victory featuring a walking path, natural toddler playground, baseball diamond with new lights, basketball court, concession stand, bleachers, and shelter houses. Walking path completed in phases 2018-2020. Natural toddler playground area completed Spring 2020. Ongoing community improvement project funded through grants and donations led by Mt. Victory CIC (Community Improvement Corporation). Community Building (Sportsman's Club) on site available for rentals.		Athletic Field;Ball Diamond;Basketball Court;Hiking Trail;Pavilion;Playground		Mount Victory, OH 43340		Hardin							https://mountvictory.com/village-park-progress/	https://mountvictory.com/village-park-progress/;https://www.mountvictoryohio.gov/	2026-06-01	false			2026-06-01T00:00:00+00:00	2026-06-01T00:00:00+00:00	
Ray Brown Memorial Park	Memorial	Civic Memorial		Active	Village of Alger	Village of Alger			Community park and baseball complex in Alger, officially dedicated May 14, 2026 as Ray Brown Memorial Park in honor of Baseball Hall of Fame player Ray Brown (born Alger, 1908; Negro League star with Pittsburgh Homestead Grays; inducted 2006). Features a 30x80-foot mural of Ray Brown painted by Ohio Northern University alumna Aubrey Davis. Original Alger ballpark site with baseball diamonds, playground, and pavilions; refurbished with ODNR grants in 2021 and 2023. Dedicated at event attended by Ohio Governor Mike DeWine.		Ball Diamond;Monument;Pavilion;Playground		Alger, OH 45812		Hardin							https://www.limaohio.com/top-stories/2026/05/14/alger-residents-celebrate-opening-of-ray-brown-memorial-park/	https://www.limaohio.com/top-stories/2026/05/14/alger-residents-celebrate-opening-of-ray-brown-memorial-park/	2026-06-01	false			2026-06-01T00:00:00+00:00	2026-06-01T00:00:00+00:00	
Memorial Park Golf Club	Recreation Facility	Golf Course		Active	Hardin County Golf Foundation	Hardin County Golf Foundation	Hardin County Veterans Memorial Park District (adjacent land)		18-hole public golf course along the Scioto River in Kenton, Ohio. Originally designed by Barry Serafin in 1929. The Hardin County Golf Foundation expanded to 18 holes in 1991 by purchasing land on both sides of the Scioto River with the anticipation of eventually deeding the land to the Veterans Memorial Park District. Par 72, approximately 6,300 yards, course rating 69.7.		Golf Course	Public course; open tee times available.	15906 OH-309, Kenton, OH 43326 (adjacent to Veterans Memorial Park)		Hardin			40.647000	-83.609500			https://www.memorialparkgolfclub.com/	https://www.memorialparkgolfclub.com/	2026-06-01	false			2026-06-01T00:00:00+00:00	2026-06-01T00:00:00+00:00	
Hickory Grove Cemetery	Cemetery	Church Cemetery		Active	Amish congregation (private religious)	Amish congregation (private religious)							North side of TR 265, near Dudley Township line, Buck Township, Hardin County		Hardin			40.599853	-83.538235			https://sites.rootsweb.com/~ohcps/hardin.html	https://sites.rootsweb.com/~ohcps/hardin.html	2026-06-01	false			2026-06-01T00:00:00+00:00	2026-06-01T00:00:00+00:00	
Grassy Point Cemetery	Cemetery	Church Cemetery		Active	Amish congregation (private religious)	Amish congregation (private religious)							SE corner SR 292 and CR 200, Hale Township, Hardin County		Hardin			40.559220	-83.586920			https://sites.rootsweb.com/~ohcps/hardin.html	https://sites.rootsweb.com/~ohcps/hardin.html	2026-06-01	false			2026-06-01T00:00:00+00:00	2026-06-01T00:00:00+00:00	
Saint Johns Cemetery	Cemetery	Public Cemetery		Active	Saint Johns / Saint Paul congregation	Saint Johns / Saint Paul congregation							West side TR 25, 1/2 mile north of CR 60, Liberty Township, Hardin County		Hardin			40.756197	-83.861849			https://sites.rootsweb.com/~ohcps/hardin.html	https://sites.rootsweb.com/~ohcps/hardin.html	2026-06-01	false			2026-06-01T00:00:00+00:00	2026-06-01T00:00:00+00:00	
Grove Cemetery	Cemetery	Public Cemetery		Active	Grove Union / Saint Marys Catholic congregation	Grove Union / Saint Marys Catholic congregation							Jacob Parrot Blvd (CR 171) between SR 67 and SR 309, Kenton/Pleasant Township, Hardin County. c.1872		Hardin			40.648171	-83.587572			https://sites.rootsweb.com/~ohcps/hardin.html	https://sites.rootsweb.com/~ohcps/hardin.html	2026-06-01	false			2026-06-01T00:00:00+00:00	2026-06-01T00:00:00+00:00	
Pleasant Hill (New) Cemetery	Cemetery	Public Cemetery		Active	Pleasant Hill Church congregation	Pleasant Hill Church congregation							SR 235 north of SR 67 and CR 150, east side at church, Roundhead Township, Hardin County		Hardin			40.827361	-83.908292			https://sites.rootsweb.com/~ohcps/hardin.html	https://sites.rootsweb.com/~ohcps/hardin.html	2026-06-01	false			2026-06-01T00:00:00+00:00	2026-06-01T00:00:00+00:00	
Briedenbaugh Cemetery	Cemetery	Public Cemetery		Active	Unknown (private/family)	Unknown (private/family)							Near SW corner of CR 64 and CR 167, Blanchard Township, Hardin County		Hardin							https://sites.rootsweb.com/~ohcps/hardin.html	https://sites.rootsweb.com/~ohcps/hardin.html	2026-06-01	false			2026-06-01T00:00:00+00:00	2026-06-01T00:00:00+00:00	
Draper Cemetery	Cemetery	Public Cemetery		Active	Unknown (private/family)	Unknown (private/family)							660 feet north of CR 70, Blanchard Township, Hardin County		Hardin							https://sites.rootsweb.com/~ohcps/hardin.html	https://sites.rootsweb.com/~ohcps/hardin.html	2026-06-01	false			2026-06-01T00:00:00+00:00	2026-06-01T00:00:00+00:00	
Fry Cemetery	Cemetery	Public Cemetery		Active	Unknown (private/family)	Unknown (private/family)							800 feet east of CR 135, 1/2 mi TR 40, Blanchard Township, Hardin County		Hardin			40.476652	-83.841874			https://sites.rootsweb.com/~ohcps/hardin.html	https://sites.rootsweb.com/~ohcps/hardin.html	2026-06-01	false			2026-06-01T00:00:00+00:00	2026-06-01T00:00:00+00:00	
Show Cemetery	Cemetery	Public Cemetery		Active	Unknown (private/family)	Unknown (private/family)							CR 167 near Blanchard River, Blanchard Township, Hardin County		Hardin							https://sites.rootsweb.com/~ohcps/hardin.html	https://sites.rootsweb.com/~ohcps/hardin.html	2026-06-01	false			2026-06-01T00:00:00+00:00	2026-06-01T00:00:00+00:00	
Sorgen Cemetery	Cemetery	Public Cemetery		Active	Unknown (private/family)	Unknown (private/family)							500 ft south of CR 60, east of CR 135, Blanchard Township, Hardin County		Hardin							https://sites.rootsweb.com/~ohcps/hardin.html	https://sites.rootsweb.com/~ohcps/hardin.html	2026-06-01	false			2026-06-01T00:00:00+00:00	2026-06-01T00:00:00+00:00	
Hatcher Cemetery	Cemetery	Public Cemetery		Active	Unknown (private/family)	Unknown (private/family)							SR 31, Buck Township, Hardin County. c.1882		Hardin							https://sites.rootsweb.com/~ohcps/hardin.html	https://sites.rootsweb.com/~ohcps/hardin.html	2026-06-01	false			2026-06-01T00:00:00+00:00	2026-06-01T00:00:00+00:00	
Lynn Grove Cemetery	Cemetery	Public Cemetery		Active	Unknown (private/family)	Unknown (private/family)							SR 3 north of TR 265, Buck Township, Hardin County		Hardin			40.593459	-83.568540			https://sites.rootsweb.com/~ohcps/hardin.html	https://sites.rootsweb.com/~ohcps/hardin.html	2026-06-01	false			2026-06-01T00:00:00+00:00	2026-06-01T00:00:00+00:00	
Wolfcreek Cemetery	Cemetery	Public Cemetery		Active	Unknown (private/family)	Unknown (private/family)							SR 31 north of TR 265, Buck Township, Hardin County		Hardin			40.593655	-83.568098			https://sites.rootsweb.com/~ohcps/hardin.html	https://sites.rootsweb.com/~ohcps/hardin.html	2026-06-01	false			2026-06-01T00:00:00+00:00	2026-06-01T00:00:00+00:00	
Indian Burial Grounds (Buck Township)	Historic Site	Archaeological Site		Unknown	Unknown (heritage site)	Unknown (heritage site)							North of TR 184 and east of CR 155, Buck Township, Hardin County		Hardin							https://sites.rootsweb.com/~ohcps/hardin.html	https://sites.rootsweb.com/~ohcps/hardin.html	2026-06-01	false			2026-06-01T00:00:00+00:00	2026-06-01T00:00:00+00:00	
Behler Cemetery	Cemetery	Public Cemetery		Active	Unknown (private/family)	Unknown (private/family)							800 feet west of CR 135 and 1320 feet south of CR 90, Cessna Township, Hardin County		Hardin			40.699949	-83.657804			https://sites.rootsweb.com/~ohcps/hardin.html	https://sites.rootsweb.com/~ohcps/hardin.html	2026-06-01	false			2026-06-01T00:00:00+00:00	2026-06-01T00:00:00+00:00	
Bunn Cemetery	Cemetery	Public Cemetery		Active	Unknown (private/family)	Unknown (private/family)							South side of CR 106 and 880 feet west of CR 135, Cessna Township, Hardin County		Hardin			40.660592	-83.658041			https://sites.rootsweb.com/~ohcps/hardin.html	https://sites.rootsweb.com/~ohcps/hardin.html	2026-06-01	false			2026-06-01T00:00:00+00:00	2026-06-01T00:00:00+00:00	
Fulton Cemetery	Cemetery	Public Cemetery		Active	Unknown (private/family)	Unknown (private/family)							East side of TR 115 and 1/4 mile south of US 309, Cessna Township, Hardin County		Hardin			40.685100	-83.691800			https://sites.rootsweb.com/~ohcps/hardin.html	https://sites.rootsweb.com/~ohcps/hardin.html	2026-06-01	false			2026-06-01T00:00:00+00:00	2026-06-01T00:00:00+00:00	
Huntersville Cemetery	Cemetery	Public Cemetery		Active	Unknown (private/family)	Unknown (private/family)							TR 74 east of CR 75 and north of SR 309, Cessna Township, Hardin County		Hardin			40.722700	-83.763074			https://sites.rootsweb.com/~ohcps/hardin.html	https://sites.rootsweb.com/~ohcps/hardin.html	2026-06-01	false			2026-06-01T00:00:00+00:00	2026-06-01T00:00:00+00:00	
Salem Cemetery	Cemetery	Public Cemetery		Active	Unknown (private/family/church)	Unknown (private/family/church)							North of TR 80 and west of CR 135, Cessna Township, Hardin County		Hardin			40.744000	-83.399300			https://sites.rootsweb.com/~ohcps/hardin.html	https://sites.rootsweb.com/~ohcps/hardin.html	2026-06-01	false			2026-06-01T00:00:00+00:00	2026-06-01T00:00:00+00:00	
Strahm Cemetery	Cemetery	Public Cemetery		Active	Unknown (private/family)	Unknown (private/family)							NE 1/4 mile on 526 north of TR 106, Cessna Township, Hardin County		Hardin							https://sites.rootsweb.com/~ohcps/hardin.html	https://sites.rootsweb.com/~ohcps/hardin.html	2026-06-01	false			2026-06-01T00:00:00+00:00	2026-06-01T00:00:00+00:00	
Craig Cemetery	Cemetery	Public Cemetery		Active	Unknown (private/family)	Unknown (private/family)							40 feet off CR 200, between CR 219 and TR 217, Dudley Township, Hardin County		Hardin							https://sites.rootsweb.com/~ohcps/hardin.html	https://sites.rootsweb.com/~ohcps/hardin.html	2026-06-01	false			2026-06-01T00:00:00+00:00	2026-06-01T00:00:00+00:00	
Fisher Cemetery	Cemetery	Public Cemetery		Active	Unknown (private/family)	Unknown (private/family)							NE corner CR 200 and CR 219 on Wildcat Creek, Dudley Township, Hardin County		Hardin			40.742669	-83.936385			https://sites.rootsweb.com/~ohcps/hardin.html	https://sites.rootsweb.com/~ohcps/hardin.html	2026-06-01	false			2026-06-01T00:00:00+00:00	2026-06-01T00:00:00+00:00	
Hepburn Cemetery	Cemetery	Public Cemetery		Active	Unknown (private/family)	Unknown (private/family)							North side of CR 144, east of CR 265 and Pfeiffer Station, Dudley Township, Hardin County		Hardin			40.622094	-83.487844			https://sites.rootsweb.com/~ohcps/hardin.html	https://sites.rootsweb.com/~ohcps/hardin.html	2026-06-01	false			2026-06-01T00:00:00+00:00	2026-06-01T00:00:00+00:00	
Vanfleet Cemetery	Cemetery	Public Cemetery		Active	Unknown (private/family)	Unknown (private/family)							South CR 144, Dudley Township, Hardin County		Hardin							https://sites.rootsweb.com/~ohcps/hardin.html	https://sites.rootsweb.com/~ohcps/hardin.html	2026-06-01	false			2026-06-01T00:00:00+00:00	2026-06-01T00:00:00+00:00	
Otterbein Cemetery	Cemetery	Public Cemetery		Active	Unknown (private/family/church)	Unknown (private/family/church)							SE corner of CR 190 and CR 209, Dudley Township, Hardin County		Hardin			40.583739	-83.504332			https://sites.rootsweb.com/~ohcps/hardin.html	https://sites.rootsweb.com/~ohcps/hardin.html	2026-06-01	false			2026-06-01T00:00:00+00:00	2026-06-01T00:00:00+00:00	
Pfeiffer Cemetery	Cemetery	Public Cemetery		Active	Unknown (private/family)	Unknown (private/family)							CR 144 between TR 205 and TR 209, Dudley Township, Hardin County		Hardin			40.623312	-83.511512			https://sites.rootsweb.com/~ohcps/hardin.html	https://sites.rootsweb.com/~ohcps/hardin.html	2026-06-01	false			2026-06-01T00:00:00+00:00	2026-06-01T00:00:00+00:00	
Ward Cemetery	Cemetery	Public Cemetery		Active	Unknown (private/family)	Unknown (private/family)							West side of TR 24, 1000 feet off SR 309, Dudley Township, Hardin County		Hardin			40.658320	-83.956287			https://sites.rootsweb.com/~ohcps/hardin.html	https://sites.rootsweb.com/~ohcps/hardin.html	2026-06-01	false			2026-06-01T00:00:00+00:00	2026-06-01T00:00:00+00:00	
Wheeler Cemetery	Cemetery	Public Cemetery		Active	Unknown (private/family)	Unknown (private/family)							Marion CR 29 between CR 219 and 2405, 100 yards north side, Dudley Township, Hardin County		Hardin			40.634259	-83.345139			https://sites.rootsweb.com/~ohcps/hardin.html	https://sites.rootsweb.com/~ohcps/hardin.html	2026-06-01	false			2026-06-01T00:00:00+00:00	2026-06-01T00:00:00+00:00	
Dille Cemetery	Cemetery	Public Cemetery		Active	Unknown (private/family)	Unknown (private/family)							Old Mt. Victory, south off Marion Street, east of SR 31, Hale Township, Hardin County		Hardin			40.532055	-83.518094			https://sites.rootsweb.com/~ohcps/hardin.html	https://sites.rootsweb.com/~ohcps/hardin.html	2026-06-01	false			2026-06-01T00:00:00+00:00	2026-06-01T00:00:00+00:00	
Jennings Cemetery	Cemetery	Public Cemetery		Active	Unknown (private/family)	Unknown (private/family)							West part of Hale Township, Hardin County		Hardin							https://sites.rootsweb.com/~ohcps/hardin.html	https://sites.rootsweb.com/~ohcps/hardin.html	2026-06-01	false			2026-06-01T00:00:00+00:00	2026-06-01T00:00:00+00:00	
Rarey Cemetery	Cemetery	Public Cemetery		Active	Unknown (private/family)	Unknown (private/family)							A.K. Rarey farm on SR 292, west side, south of CR 190, Hale Township, Hardin County		Hardin							https://sites.rootsweb.com/~ohcps/hardin.html	https://sites.rootsweb.com/~ohcps/hardin.html	2026-06-01	false			2026-06-01T00:00:00+00:00	2026-06-01T00:00:00+00:00	
Schurtzer Cemetery	Cemetery	Public Cemetery		Active	Unknown (private/family)	Unknown (private/family)							Curve near intersection CR 20 and CR 2, south side, Hale Township, Hardin County		Hardin							https://sites.rootsweb.com/~ohcps/hardin.html	https://sites.rootsweb.com/~ohcps/hardin.html	2026-06-01	false			2026-06-01T00:00:00+00:00	2026-06-01T00:00:00+00:00	
Briggs Cemetery	Cemetery	Public Cemetery		Active	Unknown (private/family)	Unknown (private/family)							West of Forest, north side of railroad, Jackson Township, Hardin County		Hardin							https://sites.rootsweb.com/~ohcps/hardin.html	https://sites.rootsweb.com/~ohcps/hardin.html	2026-06-01	false			2026-06-01T00:00:00+00:00	2026-06-01T00:00:00+00:00	
Glenn Cemetery	Cemetery	Public Cemetery		Active	Unknown (private/family)	Unknown (private/family)							East Lima Street, Forest, Jackson Township, Hardin County		Hardin							https://sites.rootsweb.com/~ohcps/hardin.html	https://sites.rootsweb.com/~ohcps/hardin.html	2026-06-01	false			2026-06-01T00:00:00+00:00	2026-06-01T00:00:00+00:00	
Price-Patterson Cemetery	Cemetery	Public Cemetery		Active	Unknown (private/family)	Unknown (private/family)							TR 195 north of SR 81 at Patterson on west side, Jackson Township, Hardin County		Hardin							https://sites.rootsweb.com/~ohcps/hardin.html	https://sites.rootsweb.com/~ohcps/hardin.html	2026-06-01	false			2026-06-01T00:00:00+00:00	2026-06-01T00:00:00+00:00	
Armorsville Cemetery	Cemetery	Public Cemetery		Active	Unknown (private/family)	Unknown (private/family)							CR 15, 1/2 mile south of CR 10, east side, Liberty Township, Hardin County		Hardin							https://sites.rootsweb.com/~ohcps/hardin.html	https://sites.rootsweb.com/~ohcps/hardin.html	2026-06-01	false			2026-06-01T00:00:00+00:00	2026-06-01T00:00:00+00:00	
Candler Cemetery	Cemetery	Public Cemetery		Active	Unknown (private/family)	Unknown (private/family)							50 feet NE CR 15 and TR 30, Liberty Township, Hardin County		Hardin			40.792059	-83.879390			https://sites.rootsweb.com/~ohcps/hardin.html	https://sites.rootsweb.com/~ohcps/hardin.html	2026-06-01	false			2026-06-01T00:00:00+00:00	2026-06-01T00:00:00+00:00	
Kindle Cemetery	Cemetery	Public Cemetery		Active	Unknown (private/family)	Unknown (private/family)							250 feet north of TR 30, east of CR 15, Liberty Township, Hardin County		Hardin							https://sites.rootsweb.com/~ohcps/hardin.html	https://sites.rootsweb.com/~ohcps/hardin.html	2026-06-01	false			2026-06-01T00:00:00+00:00	2026-06-01T00:00:00+00:00	
Maysville Cemetery	Cemetery	Public Cemetery		Active	Unknown (private/family)	Unknown (private/family)							300 ft north SR 309, east of Allen/Hardin line, Liberty Township, Hardin County		Hardin			40.733467	-83.877516			https://sites.rootsweb.com/~ohcps/hardin.html	https://sites.rootsweb.com/~ohcps/hardin.html	2026-06-01	false			2026-06-01T00:00:00+00:00	2026-06-01T00:00:00+00:00	
McElroy Cemetery	Cemetery	Public Cemetery		Active	Unknown (private/family)	Unknown (private/family)							East side CR 65, 900 feet north of CR 20, Liberty Township, Hardin County		Hardin			40.808315	-83.784307			https://sites.rootsweb.com/~ohcps/hardin.html	https://sites.rootsweb.com/~ohcps/hardin.html	2026-06-01	false			2026-06-01T00:00:00+00:00	2026-06-01T00:00:00+00:00	
Thorn Cemetery	Cemetery	Public Cemetery		Active	Unknown (private/family)	Unknown (private/family)							SR 235 and TR 30, SE corner, Liberty Township, Hardin County		Hardin							https://sites.rootsweb.com/~ohcps/hardin.html	https://sites.rootsweb.com/~ohcps/hardin.html	2026-06-01	false			2026-06-01T00:00:00+00:00	2026-06-01T00:00:00+00:00	
Carman Cemetery	Cemetery	Public Cemetery		Active	Unknown (private/family)	Unknown (private/family)							South side SR 309, 1 mile east of Maysville, Marion Township, Hardin County		Hardin			40.732119	-83.861723			https://sites.rootsweb.com/~ohcps/hardin.html	https://sites.rootsweb.com/~ohcps/hardin.html	2026-06-01	false			2026-06-01T00:00:00+00:00	2026-06-01T00:00:00+00:00	
Preston Cemetery	Cemetery	Public Cemetery		Active	Unknown (private/family)	Unknown (private/family)							South side CR 90, south of SR 309, east of Alger, Marion Township, Hardin County		Hardin			40.710099	-83.822396			https://sites.rootsweb.com/~ohcps/hardin.html	https://sites.rootsweb.com/~ohcps/hardin.html	2026-06-01	false			2026-06-01T00:00:00+00:00	2026-06-01T00:00:00+00:00	
Shadley Cemetery	Cemetery	Public Cemetery		Active	Unknown (private/family)	Unknown (private/family)							North side CR 90, 1 mile west of SR 195, Marion Township, Hardin County		Hardin			40.710565	-83.802999			https://sites.rootsweb.com/~ohcps/hardin.html	https://sites.rootsweb.com/~ohcps/hardin.html	2026-06-01	false			2026-06-01T00:00:00+00:00	2026-06-01T00:00:00+00:00	
Fultz Cemetery	Cemetery	Public Cemetery		Active	Unknown (private/family)	Unknown (private/family)							East of CR 75, north of SR 67, behind church, McDonald Township, Hardin County		Hardin							https://sites.rootsweb.com/~ohcps/hardin.html	https://sites.rootsweb.com/~ohcps/hardin.html	2026-06-01	false			2026-06-01T00:00:00+00:00	2026-06-01T00:00:00+00:00	
Harvey Cemetery	Cemetery	Public Cemetery		Active	Unknown (private/family)	Unknown (private/family)							5226 SR 67, south side across from Fairview Cemetery, McDonald Township, Hardin County		Hardin							https://sites.rootsweb.com/~ohcps/hardin.html	https://sites.rootsweb.com/~ohcps/hardin.html	2026-06-01	false			2026-06-01T00:00:00+00:00	2026-06-01T00:00:00+00:00	
Indian Burial Grounds (McDonald Township)	Historic Site	Archaeological Site		Unknown	Unknown (heritage site)	Unknown (heritage site)							TR 39 (Reed Road) east side, McDonald Township, Hardin County		Hardin							https://sites.rootsweb.com/~ohcps/hardin.html	https://sites.rootsweb.com/~ohcps/hardin.html	2026-06-01	false			2026-06-01T00:00:00+00:00	2026-06-01T00:00:00+00:00	
McArthur Cemetery	Cemetery	Public Cemetery		Active	Unknown (private/family)	Unknown (private/family)							16481 Reed Road (TR 39), 1/2 mile south back lane, McDonald Township, Hardin County		Hardin			40.580756	-83.822492			https://sites.rootsweb.com/~ohcps/hardin.html	https://sites.rootsweb.com/~ohcps/hardin.html	2026-06-01	false			2026-06-01T00:00:00+00:00	2026-06-01T00:00:00+00:00	
Poe Cemetery	Cemetery	Public Cemetery		Active	Unknown (private/family)	Unknown (private/family)							3463 CR 200, east of SR 235, 1/2 mile from Roundhead Township, in woods, McDonald Township, Hardin County		Hardin							https://sites.rootsweb.com/~ohcps/hardin.html	https://sites.rootsweb.com/~ohcps/hardin.html	2026-06-01	false			2026-06-01T00:00:00+00:00	2026-06-01T00:00:00+00:00	
Chesney Cemetery	Cemetery	Public Cemetery		Active	Unknown (private/family)	Unknown (private/family)							Pleasant Township, Hardin County		Hardin							https://sites.rootsweb.com/~ohcps/hardin.html	https://sites.rootsweb.com/~ohcps/hardin.html	2026-06-01	false			2026-06-01T00:00:00+00:00	2026-06-01T00:00:00+00:00	
County Home Cemetery	Cemetery	Private Cemetery		Active	Hardin County (former county home)	Hardin County (former county home)							CR 1143A, 1/2 mile south of SR 309, Kenton/Pleasant Township, Hardin County		Hardin			40.400330	-83.808824			https://sites.rootsweb.com/~ohcps/hardin.html	https://sites.rootsweb.com/~ohcps/hardin.html	2026-06-01	false			2026-06-01T00:00:00+00:00	2026-06-01T00:00:00+00:00	
Pioneer Cemetery (Kenton)	Cemetery	Public Cemetery		Active	Unknown (private/historical)	Unknown (private/historical)							Corner of Franklin and Sciota Street, Kenton, Pleasant Township, Hardin County		Hardin							https://sites.rootsweb.com/~ohcps/hardin.html	https://sites.rootsweb.com/~ohcps/hardin.html	2026-06-01	false			2026-06-01T00:00:00+00:00	2026-06-01T00:00:00+00:00	
Osborn Cemetery	Cemetery	Public Cemetery		Active	Unknown (private/family)	Unknown (private/family)							222 Harrison Street, Kenton/Pleasant Township, Hardin County		Hardin							https://sites.rootsweb.com/~ohcps/hardin.html	https://sites.rootsweb.com/~ohcps/hardin.html	2026-06-01	false			2026-06-01T00:00:00+00:00	2026-06-01T00:00:00+00:00	
Spitzer Cemetery	Cemetery	Public Cemetery		Active	Unknown (private/family)	Unknown (private/family)							South of TR 104 between TR 189 and CR 195, Pleasant Township, Hardin County		Hardin							https://sites.rootsweb.com/~ohcps/hardin.html	https://sites.rootsweb.com/~ohcps/hardin.html	2026-06-01	false			2026-06-01T00:00:00+00:00	2026-06-01T00:00:00+00:00	
Bowdle Cemetery	Cemetery	Public Cemetery		Active	Unknown (private/family)	Unknown (private/family)							15346 SR 117, north of SR 67, west side of road on hill, Roundhead Township, Hardin County		Hardin			40.597738	-83.871700			https://sites.rootsweb.com/~ohcps/hardin.html	https://sites.rootsweb.com/~ohcps/hardin.html	2026-06-01	false			2026-06-01T00:00:00+00:00	2026-06-01T00:00:00+00:00	
H. Hemphill Cemetery	Cemetery	Public Cemetery		Active	Unknown (private/family)	Unknown (private/family)							TR 180, Roundhead Township, Hardin County		Hardin							https://sites.rootsweb.com/~ohcps/hardin.html	https://sites.rootsweb.com/~ohcps/hardin.html	2026-06-01	false			2026-06-01T00:00:00+00:00	2026-06-01T00:00:00+00:00	
Marsh Cemetery	Cemetery	Public Cemetery		Active	Unknown (private/family)	Unknown (private/family)							14553 NE corner TR 152 and TR 21, Roundhead Township, Hardin County		Hardin							https://sites.rootsweb.com/~ohcps/hardin.html	https://sites.rootsweb.com/~ohcps/hardin.html	2026-06-01	false			2026-06-01T00:00:00+00:00	2026-06-01T00:00:00+00:00	
Pleasant Hill (Old) Cemetery	Cemetery	Public Cemetery		Active	Unknown (private/township)	Unknown (private/township)							SR 235 north of SR 67 and CR 150, west side, Roundhead Township, Hardin County		Hardin			40.827361	-83.908292			https://sites.rootsweb.com/~ohcps/hardin.html	https://sites.rootsweb.com/~ohcps/hardin.html	2026-06-01	false			2026-06-01T00:00:00+00:00	2026-06-01T00:00:00+00:00	
Rutledge Cemetery	Cemetery	Public Cemetery		Active	Unknown (private/family)	Unknown (private/family)							15609 SR 117, north of SR 67, west field, Roundhead Township, Hardin County		Hardin			40.594515	-83.866490			https://sites.rootsweb.com/~ohcps/hardin.html	https://sites.rootsweb.com/~ohcps/hardin.html	2026-06-01	false			2026-06-01T00:00:00+00:00	2026-06-01T00:00:00+00:00	
Schneider Cemetery	Cemetery	Public Cemetery		Active	Unknown (private/family)	Unknown (private/family)							200 yards north TR 160, Roundhead Township, Hardin County		Hardin							https://sites.rootsweb.com/~ohcps/hardin.html	https://sites.rootsweb.com/~ohcps/hardin.html	2026-06-01	false			2026-06-01T00:00:00+00:00	2026-06-01T00:00:00+00:00	
Bailey Cemetery	Cemetery	Public Cemetery		Active	Unknown (private/family)	Unknown (private/family)							SW corner CR 155, off CR 200, in field near tree, Taylor Creek Township, Hardin County		Hardin			40.554775	-83.636041			https://sites.rootsweb.com/~ohcps/hardin.html	https://sites.rootsweb.com/~ohcps/hardin.html	2026-06-01	false			2026-06-01T00:00:00+00:00	2026-06-01T00:00:00+00:00	
Wroten Cemetery	Cemetery	Public Cemetery		Active	Unknown (private/family)	Unknown (private/family)							CR 180, south side of road, between CR 115 and TR 119, Taylor Creek Township, Hardin County		Hardin							https://sites.rootsweb.com/~ohcps/hardin.html	https://sites.rootsweb.com/~ohcps/hardin.html	2026-06-01	false			2026-06-01T00:00:00+00:00	2026-06-01T00:00:00+00:00	
Jones Cemetery	Cemetery	Public Cemetery		Active	Unknown (private/family)	Unknown (private/family)							North side CR 14, east of CR 95, Washington Township, Hardin County		Hardin							https://sites.rootsweb.com/~ohcps/hardin.html	https://sites.rootsweb.com/~ohcps/hardin.html	2026-06-01	false			2026-06-01T00:00:00+00:00	2026-06-01T00:00:00+00:00	
Smith Cemetery	Cemetery	Public Cemetery		Active	Unknown (private/family)	Unknown (private/family)							NW corner SR 701 and TR 105, Washington Township, Hardin County		Hardin			40.732900	-83.710400			https://sites.rootsweb.com/~ohcps/hardin.html	https://sites.rootsweb.com/~ohcps/hardin.html	2026-06-01	false			2026-06-01T00:00:00+00:00	2026-06-01T00:00:00+00:00	
Waggoner Cemetery	Cemetery	Public Cemetery		Active	Unknown (private/family)	Unknown (private/family)							SE corner SR 81 and CR 135, Washington Township, Hardin County		Hardin							https://sites.rootsweb.com/~ohcps/hardin.html	https://sites.rootsweb.com/~ohcps/hardin.html	2026-06-01	false			2026-06-01T00:00:00+00:00	2026-06-01T00:00:00+00:00	
Wagner Cemetery	Cemetery	Public Cemetery		Active	Unknown (private/family)	Unknown (private/family)							Between CR 115 and TR 105, south of SR 81, Washington Township, Hardin County		Hardin							https://sites.rootsweb.com/~ohcps/hardin.html	https://sites.rootsweb.com/~ohcps/hardin.html	2026-06-01	false			2026-06-01T00:00:00+00:00	2026-06-01T00:00:00+00:00	
